Name,Beschreibung,Anzahl_Auftritte,Public Appearance 1,Public Appearance 2,Public Appearance 3,Public Appearance 4,Public Appearance 5,Public Appearance 6,Public Appearance 7,Public Appearance 8
Adelheid GOTTWALD,"Gründerin ""Paulinchen-Initiative für brandverletzte Kinder e.V.""",1, Markus Lanz 23.06.2009,,,,,,,
Adelheid KASTNER,forensische Psychiaterin,1, Markus Lanz 05.10.2010,,,,,,,
Adolf HERBST,deutscher Grubenarbeiter,1, Markus Lanz 28.10.2010,,,,,,,
Adrian M,leidet an ADS,1, Markus Lanz 09.03.2010,,,,,,,
Aisha ROKOVSKY,Kugelstoßerin,1, Markus Lanz 02.06.2010,,,,,,,
Aktenzeichen XY,O-Ton,1, Markus Lanz 24.06.2009,,,,,,,
Alexander BERNHAUT,Psychiater,1, Markus Lanz 21.01.2010,,,,,,,
Alexander HERRMANN,"Fernsehkoch, Sternekoch",3, Markus Lanz 03.07.2008, Markus Lanz 19.08.2008, Markus Lanz 05.08.2009,,,,,
Alexandra KAMP,"""Verlobte"" von Horst Schlämmer, First-Lady-Anwärterin",2, Markus Lanz 18.08.2009, Markus Lanz 19.08.2009,,,,,,
Alexandra KUSITZKY,Journalistin,1, Markus Lanz 23.03.2010,,,,,,,
Alexandra POLZIN,Moderatorin,1, Markus Lanz 08.04.2010,,,,,,,
Alfons SCHUHBECK,"Fernsehkoch, Starkoch",5, Markus Lanz 17.07.2008, Markus Lanz 19.08.2008, Markus Lanz 12.08.2009, Markus Lanz 25.11.2009, Markus Lanz 11.03.2010,,,
Alfred BIOLEK,Moderator,1, Markus Lanz 18.05.2010,,,,,,,
Alicia VON,Schauspielerin,1, Markus Lanz 16.12.2009,,,,,,,
Alida GUNDLACH,Moderatorin,1, Markus Lanz 10.03.2010,,,,,,,
Allwetterzoo M,O-Ton,1, Markus Lanz 08.10.2009,,,,,,,
Almut NIEMEYER,infizierte sich mit dem HIV-Virus,1, Markus Lanz 02.12.2009,,,,,,,
Almuth ISMER,Tierparkchefin,1, Markus Lanz 29.07.2009,,,,,,,
Amelie FRIED,Autorin,1, Markus Lanz 02.07.2009,,,,,,,
Amir HALLOUANE,Grillunfall-Opfer,1, Markus Lanz 23.06.2009,,,,,,,
Andre AGASSI,ehem. Tennisprofi,1, Markus Lanz 12.11.2009,,,,,,,
Andre STERN,besuchte nie eine Schule,1, Markus Lanz 23.06.2009,,,,,,,
Andrea BALLSCHUH,Moderatorin,1, Markus Lanz 17.02.2010,,,,,,,
Andrea BERG,Schlagersänger,1, Markus Lanz 25.05.2010,,,,,,,
Andrea KIEWEL,Moderatorin,1, Markus Lanz 04.05.2010,,,,,,,
Andrea KNAAK,Mutter,1, Markus Lanz 05.11.2009,,,,,,,
Andrea RODIECK,Suchtpräventionszentrum Hamburg,1, Markus Lanz 17.02.2010,,,,,,,
Andrea SAWATZKI,Schauspielerin,1, Markus Lanz 06.04.2010,,,,,,,
Andreas BAUMANN,Hundestaffelführer der Bergwacht Chiemgau,1, Markus Lanz 13.01.2010,,,,,,,
Andreas BIERMANN,Fußballer vom FC St. Pauli,1, Markus Lanz 30.03.2010,,,,,,,
Andreas C STUDER,Starkoch,1, Markus Lanz 29.07.2008,,,,,,,
Andreas ENGLISCH,"Papst-Experte, Vatikan-Experte",2, Markus Lanz 12.08.2008, Markus Lanz 15.10.2009,,,,,,
Andreas HELLMANN,Lungenarzt,1, Markus Lanz 11.08.2009,,,,,,,
Andreas KESSLER,"Auto-Journalist und ZDF-""WISO""-Werkstattmeister",1, Markus Lanz 05.08.2009,,,,,,,
Andreas KIELING,"Tier-und Dokumentarfilmer, Tierfilmer, Tierfilmer und Naturfilmer",3, Markus Lanz 24.07.2008, Markus Lanz 04.11.2009, Markus Lanz 03.06.2010,,,,,
Andreas KORN,Moderator,1, Markus Lanz 28.08.2008,,,,,,,
Andreas LAUN,Weihbischof,1, Markus Lanz 26.08.2010,,,,,,,
Andreas LINDNER,Facharzt für Kinderheilkunde und Jugendmedizin,1, Markus Lanz 06.08.2009,,,,,,,
Andreas MÜLLER,Jugendrichter,1, Markus Lanz 21.09.2010,,,,,,,
Andreas PLETTENBERG,"Leiter des Hamburger Infektiologie-Institutes ""Ifi"", O-Ton",2, Markus Lanz 05.11.2009, Markus Lanz 02.12.2009,,,,,,
Andy BORG,Volksmusiker,1, Markus Lanz 24.03.2010,,,,,,,
Anette HORCH,alleinerziehende Mutter,1, Markus Lanz 11.08.2009,,,,,,,
Angela FENSCH,ehem. DDR-Aktmodel,1, Markus Lanz 28.08.2008,,,,,,,
Angela KREUZBERG,"Mieterin einer Schimmelwohnung, bekam Hilfe bei Markus Lanz",2, Markus Lanz 12.11.2009, Markus Lanz 28.01.2010,,,,,,
Angelika HALLOUANE,Mutter,1, Markus Lanz 23.06.2009,,,,,,,
Angelika KALLWASS,Psychologin,2, Markus Lanz 08.04.2010, Markus Lanz 14.04.2010,,,,,,
Anka KRÄMER,Ethnologin,1, Markus Lanz 05.06.2008,,,,,,,
Anke WELLER,Erwerbstätige,1, Markus Lanz 02.03.2010,,,,,,,
Anna LOOS,Schauspielerin,1, Markus Lanz 24.03.2010,,,,,,,
Anna Maria ZIMMERMANN,Schlagerstar,1, Markus Lanz 28.07.2009,,,,,,,
Anna WAGNER,Nachkomme einer Samenspende,1, Markus Lanz 19.05.2010,,,,,,,
Anne MARKWARDT,"Kampagnenleiterin ""Goldener Windbeutel""",1, Markus Lanz 28.04.2010,,,,,,,
Annette NEHBERG-WEBER,Ehefrau von Rüdiger Nehberg,1, Markus Lanz 28.04.2010,,,,,,,
Anouschka RENZI,Schauspielerin,1, Markus Lanz 10.03.2010,,,,,,,
Anthony SCOTT,Sozialarbeiter,1, Markus Lanz 25.03.2010,,,,,,,
Antje STEINER,Neurologin,1, Markus Lanz 26.08.2009,,,,,,,
Anton ASCHENBRENNER,ehem. Priester,1, Markus Lanz 29.10.2009,,,,,,,
Antonia KRÜGER,litt an Leukämie,1, Markus Lanz 17.06.2009,,,,,,,
Antonia VON,Komikerin,1, Markus Lanz 05.08.2008,,,,,,,
Antonio SOMMESE,Exbankberater,1, Markus Lanz 23.03.2010,,,,,,,
Armin ROHDE,Schauspieler,1, Markus Lanz 16.12.2009,,,,,,,
Arnes PETRICK,Zollexperte,1, Markus Lanz 16.06.2009,,,,,,,
Arno DOPYCHAI,Verband Deutscher Mineralbrunnen e.V,1, Markus Lanz 30.06.2009,,,,,,,
Arnold RETZER,"Paartherapeut, Psychologe und Autor",2, Markus Lanz 13.08.2009, Markus Lanz 25.11.2009,,,,,,
Arnold SCHNITTGER,Hartz IV-Empfänger,1, Markus Lanz 02.03.2010,,,,,,,
Arnulf PEKRUN,behandelnder Arzt,1, Markus Lanz 17.06.2009,,,,,,,
Arved FUCHS,"Abenteurer, Buchautor, Polarexperte",2, Markus Lanz 07.08.2008, Markus Lanz 09.12.2009,,,,,,
Astrid FROHLOFF,Moderatorin,1, Markus Lanz 28.04.2010,,,,,,,
Astrid RANDERRATH,ZDF-Redakteurin,1, Markus Lanz 20.01.2010,,,,,,,
Atze SCHRÖDER,"Comedian, Komiker, Komödiant",4, Markus Lanz 25.08.2009, Markus Lanz 11.11.2009, Markus Lanz 18.05.2010, Markus Lanz 23.11.2010,,,,
Axel HIRTH,Zollfahndungsamt Hamburg,1, Markus Lanz 30.07.2009,,,,,,,
Axel JOCKWER,Reiseexperte,1, Markus Lanz 29.07.2009,,,,,,,
Axel SCHULZ,ehem. Profiboxer,1, Markus Lanz 04.08.2009,,,,,,,
Aygül ÖZKAN,"Sozialministerin Niedersachsen, CDU",1, Markus Lanz 13.10.2010,,,,,,,
Aytekin YILMAZ,ertrank beinahe am Timmendorfer Strand,1, Markus Lanz 14.08.2008,,,,,,,
Balian BUSCHBAUM,Transmann,1, Markus Lanz 18.11.2010,,,,,,,
Barbara BECKER,Schauspielerin und UNICEF-Botschafterin,1, Markus Lanz 16.03.2010,,,,,,,
Barbara KOPP,Rechtsanwältin von Wilfried Block,1, Markus Lanz 02.09.2010,,,,,,,
Barbara ROTH,ist gegen gemeinsames Sorgerecht,1, Markus Lanz 10.12.2009,,,,,,,
Barbara SCHUBERT,Ärztin,1, Markus Lanz 08.07.2008,,,,,,,
Baron Josef KERCKERINCK,Hai-Schützer,1, Markus Lanz 24.06.2008,,,,,,,
Bastian HEIDHOFF,"lebt mit Herzunterstützungssystem und wartet auf Kunstherz, wartet auf Spenderherz, lebt seit fünf Jahren mit einem künstlichen Herz",2, Markus Lanz 30.07.2009, Markus Lanz 05.05.2010,,,,,,
Bastian SICK,"Autor, Bestsellerautor ""Der Dativ ist dem Genitiv sein Tod""",2, Markus Lanz 26.08.2008, Markus Lanz 20.01.2010,,,,,,
Beate HERBIG,Ehefrau von Holger Reiners,1, Markus Lanz 11.11.2009,,,,,,,
Beate MERK,"Justizministerin Bayern, CSU",1, Markus Lanz 18.08.2010,,,,,,,
Bela PARADI,Lehmann Brother-Geschädigte,1, Markus Lanz 23.03.2010,,,,,,,
Ben BECKER,Schauspieler,1, Markus Lanz 26.10.2010,,,,,,,
Benedict EISENBERG,"Bruder von Tennessee Eisenberg, der von der Polizei erschossen wurde, Bruder von verstorbenem Tennessee Eisenberg",2, Markus Lanz 09.07.2009, Markus Lanz 26.05.2010,,,,,,
Bernd BEHNKE,Fachanwalt für Strafrecht,1, Markus Lanz 18.08.2010,,,,,,,
Bernd HEUSINGER,Werbeexperte,1, Markus Lanz 19.08.2009,,,,,,,
Bernd SAUR,Gymnasiallehrer,1, Markus Lanz 19.06.2008,,,,,,,
Bernd SIGGELKOW,"Gründer Kinder- und Jugendhilfswerk ""Die Arche e.V.""",1, Markus Lanz 16.09.2010,,,,,,,
Bernd STEIN,Enkel,1, Markus Lanz 07.07.2009,,,,,,,
Bernd STELTER,Kabarettist,1, Markus Lanz 09.12.2010,,,,,,,
Bernhard HOECKER,"Comedian, Komiker",3, Markus Lanz 02.09.2008, Markus Lanz 30.03.2010, Markus Lanz 22.09.2010,,,,,
Bernhard SCHERZ,Augenzeuge Lawine,1, Markus Lanz 13.01.2010,,,,,,,
Bernhard STITZ,"Polizeibeamter, Polizist",2, Markus Lanz 22.07.2008, Markus Lanz 16.06.2009,,,,,,
Bert JENNER,Energiespar-Experte,1, Markus Lanz 28.01.2010,,,,,,,
Bettina BÖTTINGER,Moderatorin,1, Markus Lanz 28.08.2008,,,,,,,
Bettina MARTIN,Rückwanderin,1, Markus Lanz 10.06.2008,,,,,,,
Birgit LORENZ,Augenärztin,1, Markus Lanz 28.08.2008,,,,,,,
Birgit NIPKAU,Autorin,1, Markus Lanz 15.07.2009,,,,,,,
Birgit REHLENDER,"Lebensmittelchemikerin, Stiftung Warentest",2, Markus Lanz 29.07.2008, Markus Lanz 14.08.2008,,,,,,
Björn HOPPMANN,13-jähriger Fastblinder,1, Markus Lanz 28.08.2008,,,,,,,
Boris Nikolai KONRAD,Drittplatzierter bei den deutschen Gedächtnismeisterschaften,1, Markus Lanz 29.07.2008,,,,,,,
Britta BANNENBERG,Amoklaufforscherin,1, Markus Lanz 04.03.2010,,,,,,,
Britta STEFFEN,"Schwimmerin, Olympiasiegerin 2008",1, Markus Lanz 26.08.2008,,,,,,,
Bruders Michael S,O-Ton,1, Markus Lanz 11.08.2009,,,,,,,
Bärbel SCHÄFER,Moderatorin,1, Markus Lanz 18.11.2010,,,,,,,
Bärbel UPHOFF,Chefin des Affengeheges,1, Markus Lanz 04.08.2009,,,,,,,
Bärbel ZERNICKE,pflegt ihre Mutter,1, Markus Lanz 24.03.2010,,,,,,,
Bülent CEYLAN,Comedian,1, Markus Lanz 25.11.2010,,,,,,,
Camilla HENEMARK,Popstar,1, Markus Lanz 23.11.2010,,,,,,,
Carola FERSTL,"Finanzexpertin, Journalistin, Moderatorin",3, Markus Lanz 05.05.2010, Markus Lanz 01.06.2010, Markus Lanz 20.10.2010,,,,,
Carola KIRCHNER,Unternehmerin,1, Markus Lanz 31.03.2010,,,,,,,
Carolin SCHNEIDER,Schülerin Albertville Realschule Winnenden,1, Markus Lanz 04.03.2010,,,,,,,
Carsten KLAUER,Detektiv,1, Markus Lanz 27.08.2009,,,,,,,
Carsten UHR,Samenspender,1, Markus Lanz 19.05.2010,,,,,,,
Celine DENEFLEH,Herzkranke,1, Markus Lanz 11.03.2010,,,,,,,
Cem ÖZDEMIR,Bundesvorsitzende der Grünen,1, Markus Lanz 21.09.2010,,,,,,,
Charlotte GERLACH,Rentnerin,1, Markus Lanz 24.06.2009,,,,,,,
Chris DANNENBERG,Frührentnerin,1, Markus Lanz 05.11.2009,,,,,,,
Christa MIDDENDORF,Therapeutin,1, Markus Lanz 05.11.2009,,,,,,,
Christian ESSER,ZDF-Redakteur,1, Markus Lanz 20.01.2010,,,,,,,
Christian HÄCKL,"Meteorologe, Meteorologe, RTL, Wetterexperte",4, Markus Lanz 22.07.2008, Markus Lanz 24.06.2009, Markus Lanz 27.08.2009, Markus Lanz 13.01.2010,,,,
Christian RITTEL,Opfer der größten Massenkarambolage auf der A-2,1, Markus Lanz 23.07.2009,,,,,,,
Christian ROSSKAMP,Deutschlands jüngste Eltern,1, Markus Lanz 15.07.2009,,,,,,,
Christian TREDER,Rettungsschwimmer der Wasserwacht Lübeck,1, Markus Lanz 27.01.2010,,,,,,,
Christian ULMEN,Schauspieler,1, Markus Lanz 13.08.2009,,,,,,,
Christiane BUSCHE,Hautärztin,1, Markus Lanz 06.08.2009,,,,,,,
Christina CLEMM,Anwältin,1, Markus Lanz 04.02.2010,,,,,,,
Christina SCHNEIDER,Ehefrau,1, Markus Lanz 09.03.2010,,,,,,,
Christine CZERMAK,SOS-Kinderdorfmutter,1, Markus Lanz 23.06.2009,,,,,,,
Christine KAUFMANN,Schauspielerin,1, Markus Lanz 08.04.2010,,,,,,,
Christoph DRÖSSER,Journalist,1, Markus Lanz 25.06.2009,,,,,,,
Christoph HÖHNKE,Arzt,2, Markus Lanz 05.08.2008, Markus Lanz 25.08.2009,,,,,,
Christoph LÜTGERT,Journalist,1, Markus Lanz 01.12.2010,,,,,,,
Christoph ZIMMERMANN,Fischereibiologe Deutsches Institut für Ostseefischerei,1, Markus Lanz 18.06.2009,,,,,,,
Claas Hinrich LAMMERS,Neurologe,1, Markus Lanz 15.10.2009,,,,,,,
Claudia JUNG,Volksmusikerin,1, Markus Lanz 24.03.2010,,,,,,,
Claudia KOTTER,Patientin,1, Markus Lanz 08.09.2010,,,,,,,
Claudia ROTH,Vors Bündnis 90 / Die Grünen,1, Markus Lanz 09.11.2010,,,,,,,
Claudia RUTT,"Geschäftsführerin der Deutschen Knochenmarkspenderdatei, DKMS",1, Markus Lanz 17.06.2009,,,,,,,
Claus KLEBER,ZDF-Nachrichtensprecher,1, Markus Lanz 25.03.2010,,,,,,,
Clemens GERCKENS,Geldanleger,1, Markus Lanz 31.03.2010,,,,,,,
Constanze KLEIS,"Journalistin, Autorin",1, Markus Lanz 01.07.2009,,,,,,,
Cordula STRATMANN,Schauspielerin und ehemalige Familientherapeutin,1, Markus Lanz 06.10.2010,,,,,,,
Corinna MAY,Sängerin,1, Markus Lanz 27.04.2010,,,,,,,
Cornelia POLETTO,Sterneköchin,1, Markus Lanz 08.07.2009,,,,,,,
Corny LITTMANN,Präs. FC St. Pauli,1, Markus Lanz 19.06.2008,,,,,,,
Cosima KIESNER,Ordensschwester,1, Markus Lanz 15.04.2010,,,,,,,
Dagmar EICHHORN,Mutter des Serienmörders Frank Gust,1, Markus Lanz 05.10.2010,,,,,,,
Dagmar ELSHOLZ,litt an Hautkrebs,1, Markus Lanz 10.07.2008,,,,,,,
Dana SCHWEIGER,Unternehmerin,1, Markus Lanz 04.11.2009,,,,,,,
Daniel MARKWALDER,Wettkönig,1, Markus Lanz 07.10.2009,,,,,,,
Daniela ANSCHÜTZ-THOMS,CDU-Abgeordnete und Vorsitzender vom Innenausschuss,1, Markus Lanz 04.03.2010,,,,,,,
Daniela DE,lebte in baufälliger Wohnung,1, Markus Lanz 05.08.2009,,,,,,,
Daniela EDLER,Rückwanderin,1, Markus Lanz 10.06.2008,,,,,,,
Daniela KATZENBERGER,Fernseh-Star,1, Markus Lanz 05.08.2010,,,,,,,
Daniela WEINERT,wurde mit 12 Jahren schwanger,1, Markus Lanz 15.07.2009,,,,,,,
Dave DAVIS,Comedian,1, Markus Lanz 03.02.2010,,,,,,,
David GARRETT,"Geigenvirtuose, Star-Geiger",2, Markus Lanz 12.11.2009, Markus Lanz 28.09.2010,,,,,,
David HASSELHOFF,Schauspieler,1, Markus Lanz 21.04.2010,,,,,,,
David SAFIER,Bestseller-Autor,1, Markus Lanz 18.03.2010,,,,,,,
David WEBER,Sohn eines Priesters,1, Markus Lanz 29.10.2009,,,,,,,
Dennis TAMS,Schüler,1, Markus Lanz 17.06.2009,,,,,,,
Desiree NICK,Kabarettistin,1, Markus Lanz 18.05.2010,,,,,,,
Detlef D,Tänzer,1, Markus Lanz 13.04.2010,,,,,,,
Detlef WENZEL,Vorsitzender der IG-Metall,1, Markus Lanz 22.10.2009,,,,,,,
Detlev GOJ,Unternehmer,1, Markus Lanz 07.04.2010,,,,,,,
Dieter HAARHAUS,"Mediziner, Autor",1, Markus Lanz 03.09.2008,,,,,,,
Dieter KRONZUCKER,Journalist,1, Markus Lanz 09.06.2010,,,,,,,
Dieter KÜRTEN,Sportmoderator,1, Markus Lanz 24.07.2008,,,,,,,
Dieter LANGENDÖRFER,war 1996 Chefermittler im Entführungsfall Reemtsma,1, Markus Lanz 19.05.2010,,,,,,,
Dieter MOOR,"Fernsehmoderator, betreibt bei Berlin einen Bio-Bauernhof",1, Markus Lanz 14.08.2008,,,,,,,
Dieter NUHR,"Comedian, Kabarettist",3, Markus Lanz 05.11.2009, Markus Lanz 11.05.2010, Markus Lanz 07.12.2010,,,,,
Dieter WEDEL,Regisseur,1, Markus Lanz 07.08.2008,,,,,,,
Dietrich GRÖNEMEYER,"Arzt, Radiologe",2, Markus Lanz 07.10.2009, Markus Lanz 02.11.2010,,,,,,
Dirk BERGMANN,Bordellbesitzer,1, Markus Lanz 07.12.2010,,,,,,,
Dirk MÜLLER,"Börsenguru, Börsenhändler, Börsenmakler, Börsenmakler und Autor",4, Markus Lanz 16.07.2009, Markus Lanz 28.07.2009, Markus Lanz 23.03.2010, Markus Lanz 29.04.2010,,,,
Dirk STEFFENS,"Moderator, Moderator ""Faszination Erde""",5, Markus Lanz 07.07.2009, Markus Lanz 19.11.2009, Markus Lanz 19.11.2009, Markus Lanz 09.03.2010, Markus Lanz 09.06.2010,,,
Dirk WAASEN,"Chefredakteur der Fachzeitschrift ""Connect""",1, Markus Lanz 17.06.2009,,,,,,,
Doris BRÖTZ,Physiotherapeutin,1, Markus Lanz 22.04.2010,,,,,,,
Douglas WOLFSPERGER,Regisseur,1, Markus Lanz 10.12.2009,,,,,,,
Dunja HAYALI,Journalistin,1, Markus Lanz 27.08.2009,,,,,,,
Düzen TEKKAL,TV-Journalistin,1, Markus Lanz 13.10.2010,,,,,,,
Eberhart ZRENNER,Augenarzt Uniklinikum Tübingen,1, Markus Lanz 27.04.2010,,,,,,,
Eckard PAHLKE,"Rechtsanwalt, Vorsitzender des Mietervereins zu Hamburg, Vorstandsvorsitzender des Mietervereins zu Hamburg",3, Markus Lanz 05.08.2009, Markus Lanz 12.11.2009, Markus Lanz 28.01.2010,,,,,
Eckart LAACK,Lungenspezialist,1, Markus Lanz 24.06.2008,,,,,,,
Eckart VON,"Arzt und Kabarettist, Comedian",2, Markus Lanz 02.09.2008, Markus Lanz 03.12.2009,,,,,,
Eckart WITZIGMANN,"""Koch des Jahrhunderts""",1, Markus Lanz 09.12.2010,,,,,,,
Eckhart PAHLKE,Mietrechtsexperte,1, Markus Lanz 14.07.2009,,,,,,,
Edmund STOIBER,ehem. Ministerpräsident von Bayern,1, Markus Lanz 15.09.2010,,,,,,,
Ehemann Christian NÜRNBERGER,Journalist,1, Markus Lanz 14.12.2010,,,,,,,
Eisschnelllauf Anni FRIESINGER-POSTMA,CDU-Abgeordnete und Vorsitzender vom Innenausschuss,1, Markus Lanz 04.03.2010,,,,,,,
Eleonore WEISGERBER,Schauspielerin,1, Markus Lanz 30.03.2010,,,,,,,
Elfriede VAVRIK,Autorin,1, Markus Lanz 23.03.2010,,,,,,,
Elisabeth STENMANS,Unternehmertochter,1, Markus Lanz 18.08.2009,,,,,,,
Elka CLEVE,ehem. Mitglied von Scientology,1, Markus Lanz 22.04.2010,,,,,,,
Elke CLÖVERS,Justizopfer,1, Markus Lanz 21.01.2010,,,,,,,
Elke SOMMER,Schauspielerin,1, Markus Lanz 05.08.2010,,,,,,,
Ellen KNOP,Bekannte von Harry Wörz,1, Markus Lanz 28.10.2009,,,,,,,
Elmar MAI,ZDF-Gartenexperte,1, Markus Lanz 16.07.2009,,,,,,,
Elmar THEVESSEN,ZDF-Terrorismus-Experte,1, Markus Lanz 11.08.2009,,,,,,,
Emre YILMAZ,Sohn,1, Markus Lanz 14.08.2008,,,,,,,
Eric GABRIEL,erlitt mit 11 Jahren einen Schlaganfall,1, Markus Lanz 01.07.2008,,,,,,,
Erich RITTER,Haiforscher,1, Markus Lanz 09.06.2010,,,,,,,
Erna BREITSPRECHER,heiratete mit 97Jahren,1, Markus Lanz 03.12.2009,,,,,,,
Estefania KÜSTER,KÜSTER-PENA,1, Markus Lanz 04.11.2009,,,,,,,
Ester JACOBI,Mutter von Shi Xiao Feng,1, Markus Lanz 12.08.2009,,,,,,,
Esther SCHWEINS,Schauspielerin,1, Markus Lanz 14.08.2008,,,,,,,
Eva BURWO,Mutter,1, Markus Lanz 04.02.2010,,,,,,,
Eva Luise KÖHLER,Ehefrau von BPr Horst Köhler,1, Markus Lanz 02.03.2010,,,,,,,
Fadi SAAD,Streetworker,1, Markus Lanz 02.09.2010,,,,,,,
Familie LECCE,10-köpfige Familie,1, Markus Lanz 09.07.2009,,,,,,,
Fatih CEVIKKOLLU,Comedian,1, Markus Lanz 03.02.2010,,,,,,,
Fehmke KRÜGER,Mutter,1, Markus Lanz 17.06.2009,,,,,,,
Felicitas SCHIROW,ließ sich künstlich befruchten,1, Markus Lanz 03.07.2008,,,,,,,
Ferdinand VON,Autor,1, Markus Lanz 04.08.2010,,,,,,,
Filip CVIJIC,Lebensretter eines 3-jährigen Mädchens,1, Markus Lanz 21.07.2009,,,,,,,
Florian HAMBÜCHEN,Turner,1, Markus Lanz 01.12.2010,,,,,,,
Florian SCHROEDER,"Comedian, Kabarettist, Komiker",7, Markus Lanz 18.06.2008, Markus Lanz 05.08.2008, Markus Lanz 09.07.2009, Markus Lanz 04.08.2009, Markus Lanz 07.10.2009, Markus Lanz 10.12.2009, Markus Lanz 16.03.2010,
Folkart SCHWEIZER,wurde von Hai gebissen,1, Markus Lanz 24.06.2008,,,,,,,
Frank ELSTNER,Moderator,1, Markus Lanz 30.11.2010,,,,,,,
Frank HEMME,Pfleger,1, Markus Lanz 24.06.2009,,,,,,,
Frank PLASBERG,Moderator,1, Markus Lanz 12.08.2008,,,,,,,
Frank ROSIN,TV-Koch,1, Markus Lanz 30.09.2010,,,,,,,
Frank SCHÄTZING,Bestsellerautor,1, Markus Lanz 30.09.2010,,,,,,,
Frank Ulrich MONTGOMERY,Vizevorsitzende der Bundesärztekammer,1, Markus Lanz 21.10.2009,,,,,,,
Franz BAYRHOF,Wettkönige bei Wetten Dass,1, Markus Lanz 06.10.2010,,,,,,,
Franziska VAN,Schwimmidol,1, Markus Lanz 08.07.2009,,,,,,,
Frater MARTIN,Michael KRUTZLER,1, Markus Lanz 01.07.2008,,,,,,,
Frauke BRUNNER,Überlebende einer Lawine,1, Markus Lanz 13.01.2010,,,,,,,
Frederic STROHM,Schüler,1, Markus Lanz 19.06.2008,,,,,,,
Frederik BRAUN,Betreiber Miniatur-Wunderland in Hamburg,1, Markus Lanz 16.12.2009,,,,,,,
Friedrich FLOHR,Augenarzt,1, Markus Lanz 26.08.2009,,,,,,,
Friedrich SCHORB,Soziologe,1, Markus Lanz 28.10.2009,,,,,,,
Gabi DECKER,Kabarettistin,1, Markus Lanz 08.06.2010,,,,,,,
Gabriele RÜTEMANN,leidet an Übergewicht,1, Markus Lanz 28.10.2009,,,,,,,
Gayle TUFTS,"Comedian, Entertainerin",2, Markus Lanz 26.08.2008, Markus Lanz 30.11.2010,,,,,,
Georg KAMP,"Vorsitzender des Vorstandes vom Deutschen Roten Kreuz, Landesverband Hamburg",1, Markus Lanz 20.01.2010,,,,,,,
Gerald HÜTHER,Hirnforscher,1, Markus Lanz 09.03.2010,,,,,,,
Gerd Dieter B,Leiter der Tropenmedizin und Infektiologie Universitätsklinikum Eppendorf in Hamburg,1, Markus Lanz 21.07.2009,,,,,,,
Gerd GLAESKE,"Moderator ""Faszination Erde""",1, Markus Lanz 09.03.2010,,,,,,,
Gerd SCHÖNFELDER,"Vierfacher Paralympic-Sieger, Ski Alpin",1, Markus Lanz 24.03.2010,,,,,,,
Gerlinde KALTENBRUNNER,Bergsteigerin,1, Markus Lanz 01.09.2010,,,,,,,
Gerrit BRAUN,Betreiber Miniatur-Wunderland in Hamburg,1, Markus Lanz 16.12.2009,,,,,,,
Gert BARTMANN,Leiter des Amts für Sport und Gesundheitsförderung,1, Markus Lanz 08.07.2009,,,,,,,
Giovanni DI,Journalist,1, Markus Lanz 29.09.2010,,,,,,,
Giovanni MAIO,Professor für Bioethik,1, Markus Lanz 03.07.2008,,,,,,,
Gisela AUGUSTINSKI,Ehefrau von Peer Augustinski,1, Markus Lanz 22.04.2010,,,,,,,
Gisela FRIEDRICHSEN,"""Spiegel""-Gerichtsreporterin, Gerichtsreportern, Spiegel-Gerichtsreporterin, Spiegel-Journalistin",4, Markus Lanz 14.10.2009, Markus Lanz 28.10.2009, Markus Lanz 25.05.2010, Markus Lanz 08.06.2010,,,,
Gisela MAYER,Mutter von Opfer von Winnenden,1, Markus Lanz 04.03.2010,,,,,,,
Gisela POTHIN-WULF,Rückführungspraktikerin,1, Markus Lanz 08.04.2010,,,,,,,
Giti RAUCH,"Besitzerin von Kater, der mit der Post verschickt wurde",1, Markus Lanz 15.07.2008,,,,,,,
Gitta SCHWEIGHÖFER,"Mutter von Matthias Schweighöfer, Schauspielerin",1, Markus Lanz 14.01.2010,,,,,,,
Gitte HAENNING,Sängerin,1, Markus Lanz 15.12.2010,,,,,,,
Gorbana CVIJIC,Mutter von Filip,1, Markus Lanz 21.07.2009,,,,,,,
Grit BOETTCHER,Schauspielerin,1, Markus Lanz 10.03.2010,,,,,,,
Gudrun MITTERMEIER,Ehefrau von Michael Mittermeier,1, Markus Lanz 08.09.2010,,,,,,,
Guido BERENS,lag zwei Jahre im Wachkoma,1, Markus Lanz 24.06.2009,,,,,,,
Guido CANTZ,Komiker,3, Markus Lanz 07.08.2008, Markus Lanz 30.06.2009, Markus Lanz 09.09.2010,,,,,
Guido HAMMESFAHR,Moderator,1, Markus Lanz 27.04.2010,,,,,,,
Guido KNOPP,Historiker,2, Markus Lanz 02.12.2009, Markus Lanz 25.11.2010,,,,,,
Gundula GAUSE,Moderatorin,1, Markus Lanz 08.10.2009,,,,,,,
Gunter GABRIEL,"Musiker, Sänger",3, Markus Lanz 29.10.2009, Markus Lanz 25.11.2009, Markus Lanz 06.05.2010,,,,,
Gunther EMMERLICH,Entertainer,1, Markus Lanz 30.11.2010,,,,,,,
Gunther TIERSCH,Meteorologe,1, Markus Lanz 21.08.2008,,,,,,,
Götz ALSMANN,Entertainer,1, Markus Lanz 25.06.2009,,,,,,,
Günter Peter PLOOG,Sportmoderator,1, Markus Lanz 11.11.2009,,,,,,,
Günter WALLRAFF,Enthüllungsjournalist,1, Markus Lanz 22.10.2009,,,,,,,
Günther BECKSTEIN,"CSU, ehemaliger bayrischer Innenminister",1, Markus Lanz 09.11.2010,,,,,,,
Hajo SCHUMACHER,Journalist und Moderator,1, Markus Lanz 16.03.2010,,,,,,,
Hamburger I,O-Ton,1, Markus Lanz 05.11.2009,,,,,,,
Hanna MARTIN,Schülerin,1, Markus Lanz 08.10.2009,,,,,,,
Hannes JAENICKE,Schauspieler,4, Markus Lanz 12.08.2008, Markus Lanz 25.08.2009, Markus Lanz 29.10.2009, Markus Lanz 09.09.2010,,,,
Hans BOES,"Landwirt, Wetterbauer, SWR, Wetterbauer",2, Markus Lanz 24.06.2009, Markus Lanz 27.08.2009,,,,,,
Hans EICHEL,"ehem. Bundesfinanzminister, ehem. Finanzminister",2, Markus Lanz 03.02.2010, Markus Lanz 29.04.2010,,,,,,
Hans FRAUST,Opfer von Nachterstedt,1, Markus Lanz 22.07.2009,,,,,,,
Hans FÖRSTL,Direktor Klinik für Psychiatrie und Psychotherapie der Technischen Universität München,1, Markus Lanz 20.05.2010,,,,,,,
Hans Hermann TIEDJE,Journalist,1, Markus Lanz 08.06.2010,,,,,,,
Hans Joachim BUBERT,verschuldeter Millionär,1, Markus Lanz 18.06.2009,,,,,,,
Hans Joachim JASCHKE,Weihbischof,1, Markus Lanz 03.02.2010,,,,,,,
Hans Jochen JASCHKE,"Weihbischof, Weihbischof von Hamburg",2, Markus Lanz 29.10.2009, Markus Lanz 09.11.2010,,,,,,
Hans Olaf HENKEL,"Manager, ehem. Top-Manager und BDI-Präsident",2, Markus Lanz 02.03.2010, Markus Lanz 29.04.2010,,,,,,
Hans Peter BRIX,"""Stiftung Warentest""",1, Markus Lanz 07.07.2009,,,,,,,
Hans SIGL,Schauspieler,1, Markus Lanz 27.01.2010,,,,,,,
Hans Ulrich JÖRGES,Journalist,3, Markus Lanz 23.07.2009, Markus Lanz 29.07.2009, Markus Lanz 08.06.2010,,,,,
Hans Werner OLM,Comedian,1, Markus Lanz 03.02.2010,,,,,,,
Hape KERKELING,"""Verlobte"" von Horst Schlämmer",1, Markus Lanz 19.08.2009,,,,,,,
Harald GLÖÖCKLER,Designer,1, Markus Lanz 02.11.2010,,,,,,,
Harald LESCH,Astrophysiker und Wissenschaftsjournalist,1, Markus Lanz 01.09.2010,,,,,,,
Harriet BRUCE-ANNAN,"Gründerin Stiftung ""African Angel""",1, Markus Lanz 22.10.2009,,,,,,,
Harro FÜLLGRABE,Fernsehmoderator,1, Markus Lanz 21.10.2009,,,,,,,
Harry WIJNVOORD,Moderator,1, Markus Lanz 28.10.2009,,,,,,,
Hartmut ENGLER,Sänger,1, Markus Lanz 08.10.2009,,,,,,,
Hartwig HULAND,"Arzt, behandelnder Arzt",2, Markus Lanz 14.07.2009, Markus Lanz 22.10.2009,,,,,,
Hartz IV-E,beide Autoren von Kochbuch,1, Markus Lanz 09.03.2010,,,,,,,
Hasso SPODE,Soziologe,1, Markus Lanz 10.06.2008,,,,,,,
Heide SIMONIS,"SPD, ehem. Politikerin",2, Markus Lanz 15.10.2009, Markus Lanz 03.06.2010,,,,,,
Heiko SCHNEITLER,"Leiter des Gesundheitsamtes Düsseldorf, Leiter des Gesundheitsamtes in Düsseldorf",2, Markus Lanz 21.07.2009, Markus Lanz 21.10.2009,,,,,,
Heiko WASSER,"Formel-1 Experte RTL, Kommentator von Formel-1 Rennen",2, Markus Lanz 04.08.2009, Markus Lanz 11.08.2009,,,,,,
Heiner BRAND,Handball-Bundestrainer,1, Markus Lanz 07.10.2009,,,,,,,
Heiner GEISSLER,ehem. Generalsekretär CDU,1, Markus Lanz 04.02.2010,,,,,,,
Heiner LAUTERBACH,Schauspieler,1, Markus Lanz 23.11.2010,,,,,,,
Heinz BUSCHKOWSKY,"Bgm Berlin-Neukölln, Bürgermeister Berlin-Neukölln, SPD-Politiker",3, Markus Lanz 04.02.2010, Markus Lanz 09.09.2010, Markus Lanz 21.09.2010,,,,,
Heinz Dieter NIEMEYER,infizierte sich mit dem HIV-Virus,1, Markus Lanz 02.12.2009,,,,,,,
Helga ROHRA,leidet an Demenz,1, Markus Lanz 20.05.2010,,,,,,,
Hella HANSEN,Öko-Test-Redakteurin,1, Markus Lanz 30.06.2009,,,,,,,
Hellmuth KARASEK,"Autor, Literaturkritiker, Schriftsteller und Kritiker",3, Markus Lanz 08.10.2009, Markus Lanz 25.11.2009, Markus Lanz 04.08.2010,,,,,
Helmut BERGER,Schauspieler,1, Markus Lanz 01.09.2010,,,,,,,
Helmut GELS,Hauptgeschäftsführer des Deutschen Schaustellerbundes,1, Markus Lanz 12.08.2009,,,,,,,
Helmut KRAUSS,Schauspieler,1, Markus Lanz 27.04.2010,,,,,,,
Helmut PÖSCHEL,Macher vom lebendigsten Käse,1, Markus Lanz 30.03.2010,,,,,,,
Henning SCHEICH,Neurobiologe,1, Markus Lanz 15.07.2008,,,,,,,
Hera LIND,Schriftstellerin,1, Markus Lanz 06.05.2010,,,,,,,
Herbert JÜTTEN,GeschF. des Bundesverbandes Deutscher Banken,1, Markus Lanz 23.03.2010,,,,,,,
Herbert SCHONS,"Anwalt, Rechtsanwalt",2, Markus Lanz 30.07.2009, Markus Lanz 03.11.2010,,,,,,
Heribert KENTENICH,Reproduktionsmediziner,1, Markus Lanz 03.07.2008,,,,,,,
Herr P,Netzaktivist,1, Markus Lanz 04.03.2010,,,,,,,
Hilly MARTINEK,Drehbuchautorin,1, Markus Lanz 25.11.2009,,,,,,,
Hinrich LÜHRSSEN,Fernsehjournalist,1, Markus Lanz 20.01.2010,,,,,,,
Hinrich ROMEIKE,"Vielseitigkeitsreiter, Olympiasieger 2008",1, Markus Lanz 26.08.2008,,,,,,,
Holger REINERS,"Autor, litt unter Depressionen",1, Markus Lanz 11.11.2009,,,,,,,
Holger STROMBERG,Koch der Deutschen Fußballnationalmannschaft,1, Markus Lanz 27.01.2010,,,,,,,
Horst HACK,Freund von Schweiger,1, Markus Lanz 20.08.2009,,,,,,,
Horst KONRADT,Rentner,1, Markus Lanz 15.10.2009,,,,,,,
Horst LICHTER,"Fernseh-Koch, Fernsehkoch",5, Markus Lanz 04.06.2008, Markus Lanz 04.08.2009, Markus Lanz 11.08.2009, Markus Lanz 20.08.2009, Markus Lanz 23.09.2010,,,
Horst SCHLÄMMER,"""Verlobte"" von Horst Schlämmer",1, Markus Lanz 19.08.2009,,,,,,,
Horst ZAUNEGGER,kämpft für Sorgerecht für seine Tochter,1, Markus Lanz 10.12.2009,,,,,,,
Hossein TUDESHKI,Leiter Institut für Bergbau,2, Markus Lanz 22.07.2009, Markus Lanz 22.07.2009,,,,,,
Howard CARPENDALE,Sänger,1, Markus Lanz 07.04.2010,,,,,,,
Hubert GORKA,Rechtsanwalt,1, Markus Lanz 28.10.2009,,,,,,,
Hugo Egon BALDER,Moderator,1, Markus Lanz 21.01.2010,,,,,,,
Hugo KATUS,Kardiologe,1, Markus Lanz 11.03.2010,,,,,,,
Hund F,O-Ton,1, Markus Lanz 25.11.2009,,,,,,,
Hund S,Hundebesitzerin,1, Markus Lanz 25.11.2009,,,,,,,
Ildiko VON,Journalistin,1, Markus Lanz 08.09.2010,,,,,,,
Ilona GRÜBEL,Schauspielerin,1, Markus Lanz 27.01.2010,,,,,,,
Ilse Ruth HOLZFUSS,Schwester,1, Markus Lanz 07.07.2009,,,,,,,
Immanuel DZATKOWSKI,Erster Kriminalhauptkommissar der Bezirkskriminalinspektion Lübeck,1, Markus Lanz 03.11.2010,,,,,,,
Ina MÜLLER,Sängerin,1, Markus Lanz 15.09.2010,,,,,,,
Ines FALK,"Geisel Geiseldrama Gladbeck, Geisel beim Geiseldrama von Gladbeck",2, Markus Lanz 18.06.2008, Markus Lanz 02.12.2009,,,,,,
Inge NIEDECK,"Meteorologin, ZDF",1, Markus Lanz 24.06.2009,,,,,,,
Inge NIEDEK,"Meteorologen, Meteorologin, Wetterexperte",3, Markus Lanz 22.07.2008, Markus Lanz 27.08.2009, Markus Lanz 13.01.2010,,,,,
Inge STEINER,Ehefrau von Matthias Steiner,1, Markus Lanz 29.04.2010,,,,,,,
Inge WOLFF,Expertin für Etikette und Umgangsformen,1, Markus Lanz 10.07.2008,,,,,,,
Ingeborg MOOTZ,Börsenexpertin,1, Markus Lanz 16.07.2009,,,,,,,
Ingo APPELT,"Comedian, Kabarettist",2, Markus Lanz 08.10.2009, Markus Lanz 11.05.2010,,,,,,
Ingo REIDL,Musiker,1, Markus Lanz 08.10.2009,,,,,,,
Ingolf LÜCK,Comedian,1, Markus Lanz 18.06.2008,,,,,,,
Ingrid DEL,unterrichtet die del Ferro-Methode,1, Markus Lanz 27.04.2010,,,,,,,
Ingrid STOLPE,leidet an Krebs,1, Markus Lanz 17.03.2010,,,,,,,
Ingrid VAN,Schauspielerin,1, Markus Lanz 23.03.2010,,,,,,,
Interview Markus LANZ,"Moderator, Opfer von Nachterstedt, Sexualtherapeutin, Werbeikone",5, Markus Lanz 03.06.2008, Markus Lanz 22.07.2009, Markus Lanz 19.11.2009, Markus Lanz 14.10.2010, Markus Lanz 20.10.2010,,,
Iris HOPPMANN,Mutter von Björn,1, Markus Lanz 28.08.2008,,,,,,,
Irmgard LAFER,Mutter,1, Markus Lanz 19.06.2008,,,,,,,
Isabel VARELL,Schauspielerin,1, Markus Lanz 18.11.2010,,,,,,,
Jack WHITE,Musikproduzent,1, Markus Lanz 19.08.2010,,,,,,,
Jaecki SCHWARZ,Schauspieler,1, Markus Lanz 29.09.2010,,,,,,,
Jakob CRAMER,"Koordinator der Probeimpfungen gegen die Schweinegrippe, Bernhard-Nocht-Institut Hamburg",1, Markus Lanz 21.10.2009,,,,,,,
James BAIN,saß 35 Jahre unschuldig im Gefängnis,1, Markus Lanz 25.03.2010,,,,,,,
Jan Josef LIEFERS,Schauspieler,1, Markus Lanz 02.12.2009,,,,,,,
Jan SAUERMANN,litt unter seinem Stottern,1, Markus Lanz 27.04.2010,,,,,,,
Jan Uwe ROGGE,Familienberater,1, Markus Lanz 23.06.2009,,,,,,,
Jan WEILER,Autor,1, Markus Lanz 13.08.2009,,,,,,,
Janice PINNOW,litt am Messie-Syndrom,1, Markus Lanz 05.11.2009,,,,,,,
Janine SCHMEIL,lernt Schwimmen,1, Markus Lanz 08.07.2009,,,,,,,
Jean PÜTZ,Moderator und Kultbastler,1, Markus Lanz 29.04.2010,,,,,,,
Jennifer LAFER,Tochter,1, Markus Lanz 19.06.2008,,,,,,,
Jens HAMMERICH,Lkw-Fahrer und Lebensretter,1, Markus Lanz 30.07.2009,,,,,,,
Jens ROHRA,Sohn von Helga Rohra,1, Markus Lanz 20.05.2010,,,,,,,
Jessmin BEGUM,Näherin in Bangladesch,1, Markus Lanz 01.12.2010,,,,,,,
Jimmy JUMP,"berühmter ""Flitzer""",1, Markus Lanz 05.08.2010,,,,,,,
Jo BAUSCH,Allgemeinmediziner,1, Markus Lanz 17.02.2010,,,,,,,
Joachim HERRMANN,Innenminister von Bayern,1, Markus Lanz 26.05.2010,,,,,,,
Joachim LLAMBI,"Juror bei ""Let's Dance"", Jurymitglied RTL-Castingshow ""Let's dance""",2, Markus Lanz 05.05.2010, Markus Lanz 27.05.2010,,,,,,
Joachim MOHR,Journalist,1, Markus Lanz 11.03.2010,,,,,,,
Joachim STEINHÖFEL,Rechtsanwalt,1, Markus Lanz 18.08.2010,,,,,,,
Jochen BUSSE,"Kabarettist und Schauspieler, Kabarettist, Schauspieler",2, Markus Lanz 13.08.2009, Markus Lanz 14.10.2010,,,,,,
Johann KÖNIG,Kabarettist,1, Markus Lanz 10.02.2010,,,,,,,
Johann LAFER,"Fernseh-Koch, Fernsehkoch, Starkoch",3, Markus Lanz 19.06.2008, Markus Lanz 19.08.2008, Markus Lanz 23.09.2010,,,,,
Johann LECHNER,Zahnarzt,1, Markus Lanz 14.10.2009,,,,,,,
Johannes ETTMAYER,ehem. Nationalspieler Österreich,1, Markus Lanz 18.06.2008,,,,,,,
Johannes MALLOW,Sieger bei den deutschen Gedächtnismeisterschaften,1, Markus Lanz 29.07.2008,,,,,,,
Johannes PEIL,Arzt von Michael Schumacher,1, Markus Lanz 11.08.2009,,,,,,,
Johannes RÖHRIG,Journalist,1, Markus Lanz 27.08.2009,,,,,,,
John GORDON,"Komponist und Texter vom Siegerhit ""Satellite""",1, Markus Lanz 02.06.2010,,,,,,,
Jorgo CHATZIMARKAKIS,FDP,1, Markus Lanz 18.08.2010,,,,,,,
Jose Augusto FUENTES,Hundesbesitzer,1, Markus Lanz 14.10.2010,,,,,,,
Josef SCHEURING,Vorsitzender der Gewerkschaft der Bundespolizei,1, Markus Lanz 13.01.2010,,,,,,,
Josef WILFING,ehemaliger Münchner Mordermittler,1, Markus Lanz 03.11.2010,,,,,,,
Josef WILFLING,Mordermittler,1, Markus Lanz 05.10.2010,,,,,,,
Judith RAKERS,Journalistin,1, Markus Lanz 28.09.2010,,,,,,,
Judy WINTER,Schauspielerin,1, Markus Lanz 02.06.2010,,,,,,,
Julia ADRIAN,Freundin von Nino Haase,1, Markus Lanz 21.10.2009,,,,,,,
Julia HEILMANN,Autorin,1, Markus Lanz 11.05.2010,,,,,,,
Julia REHBERG,"Juristin, Verbraucherzentrale Hamburg",2, Markus Lanz 22.07.2008, Markus Lanz 16.06.2009,,,,,,
Juliane LUTZ,Autorin,1, Markus Lanz 15.07.2009,,,,,,,
Julie FROST,"Komponistin und Texterin vom Siegerhit ""Satellite""",1, Markus Lanz 02.06.2010,,,,,,,
Justus HAUCAP,Volkswirt,1, Markus Lanz 01.06.2010,,,,,,,
Jutta HOLNBURGER,Hundebesitzerin,1, Markus Lanz 25.11.2009,,,,,,,
Jörg ADLER,Zoodirektor Münster,1, Markus Lanz 04.08.2009,,,,,,,
Jörg BLECH,Wissenschaftsjournalist,1, Markus Lanz 07.04.2010,,,,,,,
Jörg DENFELD,Experte für Pedelecs Elektrofahrräder,1, Markus Lanz 18.03.2010,,,,,,,
Jörg HANDWERG,"Sprecher der Pilotenvereinigung Cockpit, Vorsitzender Pilotenvereinigung Cockpit",2, Markus Lanz 20.04.2010, Markus Lanz 03.11.2010,,,,,,
Jörg HÜBNER,Firmenchef,1, Markus Lanz 22.10.2009,,,,,,,
Jörg KNÖR,"Comedian, Komiker, Parodist",3, Markus Lanz 05.08.2008, Markus Lanz 23.06.2009, Markus Lanz 20.05.2010,,,,,
Jörg PILAWA,"Fernsehmoderator, Moderator",3, Markus Lanz 01.07.2008, Markus Lanz 19.11.2009, Markus Lanz 07.10.2010,,,,,
Jürg STETTLER,Pressesprecher von Scientology Deutschland,1, Markus Lanz 04.11.2010,,,,,,,
Jürgen ABRAHAM,"Bundesverband Deutsche Ernährungsindustrie, Vorsitzende der Bundesvereinigung der Deutschen Ernährungsindustrie",2, Markus Lanz 10.06.2008, Markus Lanz 05.08.2009,,,,,,
Jürgen BAUER,Kinderkardiologe,1, Markus Lanz 10.06.2008,,,,,,,
Jürgen CHARCHULLA,"Surf-Vizeweltmeister im Rentenalter, Surfer",2, Markus Lanz 04.09.2008, Markus Lanz 30.06.2009,,,,,,
Jürgen DOMIAN,Moderator,1, Markus Lanz 14.04.2010,,,,,,,
Jürgen DREWS,"Schlagerstar, Sänger",3, Markus Lanz 28.07.2009, Markus Lanz 11.08.2009, Markus Lanz 05.08.2010,,,,,
Jürgen EIBEN,Ehemann,1, Markus Lanz 17.07.2008,,,,,,,
Jürgen FIEGE,Pfarrer,1, Markus Lanz 15.10.2009,,,,,,,
Jürgen HARKSEN,ehem. Hochstapler,1, Markus Lanz 30.06.2009,,,,,,,
Jürgen KUHL,Der Dollarfälscher,1, Markus Lanz 25.08.2010,,,,,,,
Jürgen SCHMIEDER,Autor und Journalist,1, Markus Lanz 28.04.2010,,,,,,,
Jürgen SELINGER,Wettkandidat,1, Markus Lanz 16.12.2009,,,,,,,
Jürgen TODENHÖFER,Politiker,1, Markus Lanz 30.11.2010,,,,,,,
Jürgen VON,"Komiker, Moderator",1, Markus Lanz 08.09.2010,,,,,,,
Jürgen ZULLEY,Schlafforscher,2, Markus Lanz 15.07.2009, Markus Lanz 18.08.2009,,,,,,
Kai EBEL,"Formel-1-Reporter, Moderator",2, Markus Lanz 16.03.2010, Markus Lanz 18.11.2010,,,,,,
Kai OPPEL,Reiseknigge-Experte,1, Markus Lanz 17.03.2010,,,,,,,
Karella EASWARAN,Allgemeinmediziner,1, Markus Lanz 17.02.2010,,,,,,,
Karen HEUMANN,Vorstand der Werbeagentur Jung von Matt,1, Markus Lanz 03.12.2009,,,,,,,
Karin JURKAT-ROTT,Ärztin,1, Markus Lanz 02.03.2010,,,,,,,
Karin KLUGE-DAKI,Single,1, Markus Lanz 15.07.2009,,,,,,,
Karin MÜLLER,Verkehrspsychologin,1, Markus Lanz 03.07.2008,,,,,,,
Karl BORN,Reisejournalist,1, Markus Lanz 11.08.2009,,,,,,,
Karl Josef WALLNER,Mönch im Stift Heiligenkreuz,1, Markus Lanz 22.07.2008,,,,,,,
Karl LAUTERBACH,Harvard-Professor und Gesundheitsexperte,1, Markus Lanz 21.10.2009,,,,,,,
Karl MERK,Landwirt,1, Markus Lanz 25.08.2009,,,,,,,
Karl RUHSTORFER,seine Tochter Margit wurde 1997 von dem Sexualmörder Daniel I umgebracht,1, Markus Lanz 18.08.2010,,,,,,,
Karsten BRENSING,Meeresbiologe,1, Markus Lanz 16.12.2009,,,,,,,
Katerina JACOB,Schauspielerin,2, Markus Lanz 06.04.2010, Markus Lanz 07.04.2010,,,,,,
Katharina SAALFRANK,Die Super Nanny,1, Markus Lanz 26.08.2010,,,,,,,
Kathrin KÜHN,Deutschlands jüngste Eltern,1, Markus Lanz 15.07.2009,,,,,,,
Katie PIPER,ehem. Model und Opfer eines Säure-Anschlags,1, Markus Lanz 15.04.2010,,,,,,,
Katja BURKARD,Moderatorin,1, Markus Lanz 08.04.2010,,,,,,,
Katja EBSTEIN,Schlagersängerin,1, Markus Lanz 26.05.2010,,,,,,,
Katja KESSLER,Autorin,1, Markus Lanz 04.11.2009,,,,,,,
Katja SAALFRANK,Diplompädagogin,1, Markus Lanz 23.06.2009,,,,,,,
Katja WINGENFELD,Trauma-Expertin,1, Markus Lanz 30.07.2009,,,,,,,
Katrin HINRICHS-AUST,Unternehmerin,1, Markus Lanz 04.11.2009,,,,,,,
Katrin MATTSCHERODT,CDU-Abgeordnete und Vorsitzender vom Innenausschuss,1, Markus Lanz 04.03.2010,,,,,,,
Katrin MÜLLER-HOHENSTEIN,"Moderatorin, Sportjournalistin, Sportmoderatorin",2, Markus Lanz 09.12.2009, Markus Lanz 19.08.2010,,,,,,
Katrin OTT,"leidet an Hypokaliämischer peridodischer Paralyse, HypoPP",1, Markus Lanz 02.03.2010,,,,,,,
Katrin SCHAUDIG,Frauenärztin,1, Markus Lanz 06.04.2010,,,,,,,
Kay P RODEGRA,Anwalt für Reiserecht,1, Markus Lanz 31.07.2008,,,,,,,
Kay VORWERK,SOS-Kinderdorf-Geschäftsführer,1, Markus Lanz 23.06.2009,,,,,,,
Ken DUKEN,Schauspieler,1, Markus Lanz 10.12.2009,,,,,,,
Kester SCHLENZ,"Autor und Journalist, Autor und Jurnalist, Frauenversteher",3, Markus Lanz 06.04.2010, Markus Lanz 07.04.2010, Markus Lanz 02.06.2010,,,,,
Khorshed ALAM,Experte für Arbeitsbedingungen in Bangladesch,1, Markus Lanz 01.12.2010,,,,,,,
Kilian SAUM,"Benediktinermönch, Heilpraktiker",1, Markus Lanz 11.03.2010,,,,,,,
Kim ADLER,ZDF-Nachrichtensprecher,1, Markus Lanz 25.03.2010,,,,,,,
Kim FISHER,"Autorin und Moderatorin, Moderatorin, Moderatorin, Musikerin und Autorin",3, Markus Lanz 03.07.2008, Markus Lanz 03.12.2009, Markus Lanz 26.05.2010,,,,,
Kindern L,O-Ton,1, Markus Lanz 26.11.2009,,,,,,,
Kirsten STOLLHOFF,Kinderärztin,1, Markus Lanz 09.03.2010,,,,,,,
Kirsten VON,Psychologin und Psychiaterin,1, Markus Lanz 23.03.2010,,,,,,,
Klaudia SCHULTHEIS,Kinderpsychologe und Buchautor,1, Markus Lanz 11.08.2009,,,,,,,
Klaus Jürgen DEUSER,Comedian,1, Markus Lanz 05.11.2009,,,,,,,
Klaus KOCKS,"Meinungsforscher, PR-Berater, Publizist",3, Markus Lanz 29.07.2009, Markus Lanz 03.02.2010, Markus Lanz 02.11.2010,,,,,
Klaus REINDL,"Benzinpreisexperte, Pressesprecher vom ADAC",2, Markus Lanz 23.07.2009, Markus Lanz 28.07.2009,,,,,,
Klaus SATTLER,Pressesprecher Lotto Baden-Württemberg,1, Markus Lanz 18.06.2009,,,,,,,
Klaus WILDBOLZ,Schauspieler,1, Markus Lanz 02.07.2009,,,,,,,
Klaus WILKENS,Präsident der DLRG,1, Markus Lanz 14.08.2008,,,,,,,
Knut MÖLLER,Auswander-Experte,1, Markus Lanz 05.08.2008,,,,,,,
Kolja KLEEBERG,TV-Koch,1, Markus Lanz 23.07.2009,,,,,,,
Konny REINMANN,Deutschlands beliebteste Auswanderer,1, Markus Lanz 07.10.2010,,,,,,,
Konstantin WEHNHARD,Schüler,1, Markus Lanz 12.08.2008,,,,,,,
Koral ALTINER,lebt ohne Heizung,1, Markus Lanz 28.01.2010,,,,,,,
Kristiane MÜLLER-URBAN,Autorin,1, Markus Lanz 10.02.2010,,,,,,,
Kristin SCHMOOCK,Geschwister pflegten krebskranke Mutter bis zum Tod,1, Markus Lanz 26.08.2008,,,,,,,
Kurt MEIER,beide Autoren von Kochbuch,1, Markus Lanz 09.03.2010,,,,,,,
Kurt STARKE,Sexualwissenschaftler,1, Markus Lanz 28.08.2008,,,,,,,
Kurt WESTERGAARD,Karikaturist,1, Markus Lanz 27.05.2010,,,,,,,
Larry HAGMAN,Schauspieler,1, Markus Lanz 02.03.2010,,,,,,,
Lars HENTSCHEL,"Wassersommelier des Hotels ""Atlantik""",1, Markus Lanz 29.07.2008,,,,,,,
Lars REIME,von der PKK entführter Bergsteiger,1, Markus Lanz 29.07.2008,,,,,,,
Laura KARASEK,Tochter von Hellmuth Karasek,1, Markus Lanz 25.11.2009,,,,,,,
Lebensgefährtin A,deutscher Grubenarbeiter,1, Markus Lanz 28.10.2010,,,,,,,
Leonhard TIPOTSCH,Patient,1, Markus Lanz 14.10.2009,,,,,,,
Liane WIEGELMANN,ehem. Sängerin,1, Markus Lanz 01.07.2009,,,,,,,
Liina MARIUDOTTIR,Schülerin,1, Markus Lanz 05.08.2008,,,,,,,
Lilli VAN,bekam eine Herztransplantation,1, Markus Lanz 05.05.2010,,,,,,,
Lina RHAN,"Autorin, ehem. Drogenabhängige",1, Markus Lanz 17.02.2010,,,,,,,
Linn WÖLBER,Gynäkologin,1, Markus Lanz 06.08.2009,,,,,,,
Lioba BAVING,Leiterin Klinik für Kinder- und Jugendpsychiatrie in Kiel,1, Markus Lanz 24.06.2008,,,,,,,
Lisa FITZ,Comedian,1, Markus Lanz 03.02.2010,,,,,,,
Lisa MARTINEK,Schauspielerin,1, Markus Lanz 02.12.2009,,,,,,,
Lothar BINDING,"Initiator vom Nichtraucherschutzgesetz, SPD-Bundestagsabgeordneter",1, Markus Lanz 24.06.2008,,,,,,,
Lothar HINTZE,ehem. Gefangener der Farc,1, Markus Lanz 08.07.2008,,,,,,,
Lothar MATTHÄUS,Fußballspieler und Fußballtrainer,1, Markus Lanz 12.08.2010,,,,,,,
Lutz ENGELEN,Vizepräsident der Bundesapothekerkammer,1, Markus Lanz 09.12.2009,,,,,,,
Madeleine AHL,Hundebesitzerin,1, Markus Lanz 25.11.2009,,,,,,,
Magdalena STEINKEMPER,Spenderin,1, Markus Lanz 17.06.2009,,,,,,,
Mahmoud SOLIMAN,Vater,1, Markus Lanz 14.10.2009,,,,,,,
Maik SCHAFFER,Orang-Utan-Rettungsorganisation Borneo Orangutan Survival Foundation,1, Markus Lanz 12.08.2008,,,,,,,
Maite KELLY,Sängerin,1, Markus Lanz 13.04.2010,,,,,,,
Manfred CHARCHULLA,Surfer,1, Markus Lanz 30.06.2009,,,,,,,
Manfred LÜTZ,"Psychiater, Psychiater und Bestsellerautor, Psychiater, Autor",4, Markus Lanz 03.12.2009, Markus Lanz 30.03.2010, Markus Lanz 28.10.2010, Markus Lanz 08.12.2010,,,,
Manfred STOLPE,leidet an Krebs,1, Markus Lanz 17.03.2010,,,,,,,
Manfred WEBER,Geschäftsführender Vorstand des Bundesverbandes Deutscher Banken,1, Markus Lanz 23.07.2009,,,,,,,
Manon STRACHE,Schauspielerin,1, Markus Lanz 29.09.2010,,,,,,,
Manuel JOKISCH,Wettkönige bei Wetten Dass,1, Markus Lanz 06.10.2010,,,,,,,
Manuel Kai KREUZBERG,Sohn,1, Markus Lanz 28.01.2010,,,,,,,
Manuel WEISBROD,"betreibt Internet-Schülernetzwerk ""spickmich.de""",1, Markus Lanz 19.06.2008,,,,,,,
Manuela HOFMANN,Tierpfkegerin,1, Markus Lanz 08.10.2009,,,,,,,
Manuela KONZACK,brach in Eis ein,1, Markus Lanz 27.01.2010,,,,,,,
Manuela REIMANN,Deutschlands beliebteste Auswanderer,1, Markus Lanz 07.10.2010,,,,,,,
Marc HACHMANN,Diplom-Sportlehrer für Rehabilitation,1, Markus Lanz 06.08.2009,,,,,,,
Marc LOOSE,Zahnarzt,1, Markus Lanz 21.07.2009,,,,,,,
Marcel LOKO,Werbeexperte,1, Markus Lanz 19.08.2009,,,,,,,
Marcus REICHL,"Eltern einer Frühgeburt, welches dann durch Komplikationen während der Geburt starb",1, Markus Lanz 18.08.2009,,,,,,,
Marcus URBAN,ehem. Fußballspieler,1, Markus Lanz 19.06.2008,,,,,,,
Maren KROYMANN,Schauspielerin,1, Markus Lanz 06.04.2010,,,,,,,
Maren SCHMOOCK,Geschwister pflegten krebskranke Mutter bis zum Tod,1, Markus Lanz 26.08.2008,,,,,,,
Margot CLEVE,Mutter von Elka Cleve,1, Markus Lanz 22.04.2010,,,,,,,
Margret LICHTER,Mutter von Horst Lichter,1, Markus Lanz 04.06.2008,,,,,,,
Maria Solrun SIGURDADOTTIR,Mutter,1, Markus Lanz 05.08.2008,,,,,,,
Marianne LIPPERT,Rentnerin,1, Markus Lanz 15.10.2009,,,,,,,
Marianne NECKE,fand nach 80 Jahren ihre Schwester wieder,1, Markus Lanz 07.07.2009,,,,,,,
Mario ADORF,Schauspieler,1, Markus Lanz 14.12.2010,,,,,,,
Mario BARTH,"Comedian, Komiker",3, Markus Lanz 10.07.2008, Markus Lanz 18.03.2010, Markus Lanz 16.09.2010,,,,,
Mario BASLER,ehem. Fußballspieler,1, Markus Lanz 19.06.2008,,,,,,,
Marion GABRIEL,Mutter von Eric,1, Markus Lanz 01.07.2008,,,,,,,
Mark BENECKE,Forensiker,1, Markus Lanz 05.10.2010,,,,,,,
Markus BENNEMANN,Journalist,1, Markus Lanz 14.08.2008,,,,,,,
Markus KOCH,Börsenexperten,1, Markus Lanz 05.05.2010,,,,,,,
Markus SCHLICHTING,Geldanleger,1, Markus Lanz 31.03.2010,,,,,,,
Marlene GRABHERR,"gewann eine Million bei ""Wer wird Millionär""",1, Markus Lanz 21.10.2009,,,,,,,
Marlou HAMMERICH,Ehefrau von Jens Hammerich,1, Markus Lanz 30.07.2009,,,,,,,
Marti FISCHER,Parodist Newcomer,1, Markus Lanz 20.05.2010,,,,,,,
Martin BLACH,Werbeexperte,1, Markus Lanz 28.04.2010,,,,,,,
Martin GEIER,"Mückenexperte, Biologe",1, Markus Lanz 07.07.2009,,,,,,,
Martin MORITZ,"Altenpflegeausbilder, Pflegeberater und Leiter der Hamburger Angehörigenschule",1, Markus Lanz 24.03.2010,,,,,,,
Martin PLOCH,Kriminalhauptkommissar,1, Markus Lanz 24.06.2009,,,,,,,
Martin RÜTTER,"Hundepsychologe, Hundetrainer, Tierpsychologe und Hundetrainer",3, Markus Lanz 28.08.2008, Markus Lanz 27.08.2009, Markus Lanz 15.12.2010,,,,,
Martin SCHNEIDER,Feuerwehrmann,1, Markus Lanz 23.06.2009,,,,,,,
Martin SCHULZ,Tischler,1, Markus Lanz 01.07.2009,,,,,,,
Martin SOMMER,Neurophysiologe,1, Markus Lanz 27.04.2010,,,,,,,
Martin SONNEBORN,Comedian,1, Markus Lanz 18.06.2009,,,,,,,
Martin STRÜBER,Arzt,1, Markus Lanz 30.07.2009,,,,,,,
Martin THOMAS,Mitglied des Untersuchungsausschusses im Gladbecker Geiseldrama,1, Markus Lanz 18.06.2008,,,,,,,
Martina HILL,Comedian,1, Markus Lanz 02.09.2008,,,,,,,
Mary ROOS,"Schlagersängerin, Sängerin",3, Markus Lanz 15.07.2009, Markus Lanz 13.08.2009, Markus Lanz 02.06.2010,,,,,
Matthias BARTELS,Tierpfleger,1, Markus Lanz 08.10.2009,,,,,,,
Matthias R LEMKE,Chefarzt Abteilung Psychiatrie am evangelischen Krankenhaus Alsterdorf,1, Markus Lanz 11.11.2009,,,,,,,
Matthias REIM,Schlagerstar,1, Markus Lanz 20.10.2010,,,,,,,
Matthias SCHWEIGHÖFER,Schauspieler,2, Markus Lanz 10.12.2009, Markus Lanz 14.01.2010,,,,,,
Matthias SPRANGER,Facharzt für Neurologie,1, Markus Lanz 01.07.2008,,,,,,,
Matthias STEINER,Olympiasieger Gewichtheben,1, Markus Lanz 29.04.2010,,,,,,,
Matthias WOLFSCHMIDT,"stellv. Geschäftsführer ""foodwatch""",1, Markus Lanz 30.06.2009,,,,,,,
Matze KNOP,"Komiker, Parodist",2, Markus Lanz 25.08.2009, Markus Lanz 20.05.2010,,,,,,
Max BONMANN,kenterte mit Segel-Schulschiff,1, Markus Lanz 31.03.2010,,,,,,,
Max GIERMANN,Komiker,1, Markus Lanz 22.09.2010,,,,,,,
Melda AKBAS,Autorin,2, Markus Lanz 02.09.2010, Markus Lanz 21.09.2010,,,,,,
Micha Manuel BUES,"Student und Mitgründer der Gruppe ""Generation Benedikt""",1, Markus Lanz 15.04.2010,,,,,,,
Michael ADAMZIK,Arzt,1, Markus Lanz 05.11.2009,,,,,,,
Michael ADLER,Nashornrevierleiter aus dem Allwetterzoo in Münster,1, Markus Lanz 08.10.2009,,,,,,,
Michael BAUER,"Hoteltester, Servicetester",2, Markus Lanz 04.06.2008, Markus Lanz 24.07.2008,,,,,,
Michael BUBACK,Sohn des getöteten Generalbundesanwalt Siegfried Buback,1, Markus Lanz 19.05.2010,,,,,,,
Michael DIETZ,"seine Mutter fiel auf den ""Enkeltrick"" herein",1, Markus Lanz 24.06.2009,,,,,,,
Michael EPP,Teilnehmer an Berglauf auf Zugspitze,1, Markus Lanz 15.07.2008,,,,,,,
Michael FLÜGGER,Tierazt,1, Markus Lanz 07.07.2009,,,,,,,
Michael FRÖHLICH,Autohändler,1, Markus Lanz 04.08.2010,,,,,,,
Michael JÜRGS,"Journalist, Journalist und Autor",4, Markus Lanz 22.07.2009, Markus Lanz 22.07.2009, Markus Lanz 04.11.2009, Markus Lanz 01.06.2010,,,,
Michael KESSLER,"Comedian, Komiker",2, Markus Lanz 01.07.2009, Markus Lanz 22.09.2010,,,,,,
Michael MITTERMEIER,"Comedian, Komiker",2, Markus Lanz 29.04.2010, Markus Lanz 08.09.2010,,,,,,
Michael OPOCZYNSKI,"Bundesdatenschutzbeauftragter, WISO-Moderator, ZDF-Moderator, ZDF-WISO Moderator und Redaktionsleiter, ZDF-Wirtschaftsexperte",5, Markus Lanz 10.06.2008, Markus Lanz 17.07.2008, Markus Lanz 16.07.2009, Markus Lanz 23.07.2009, Markus Lanz 04.03.2010,,,
Michael OTTO,Unternehmer,1, Markus Lanz 04.02.2010,,,,,,,
Michael POLIZA,Autor und Fotograf,1, Markus Lanz 09.06.2010,,,,,,,
Michael PRANG,"Arzt, Arzt, Medizinjournalist und Autor",2, Markus Lanz 14.07.2009, Markus Lanz 16.03.2010,,,,,,
Michael ROTH,"ehem. Handballer, litt an Prostatakrebs, ehem. Handballnationalspieler, litt an Prostatakrebs",2, Markus Lanz 14.07.2009, Markus Lanz 22.10.2009,,,,,,
Michael S,O-Ton,2, Markus Lanz 11.08.2009, Markus Lanz 11.08.2009,,,,,,
Michael SCHANZE,Moderator,1, Markus Lanz 20.10.2010,,,,,,,
Michael SCHNEIDER,Direktor Schweriner Zoo,1, Markus Lanz 09.03.2010,,,,,,,
Michael SCHRECKENBERG,Stauexperte,1, Markus Lanz 05.06.2008,,,,,,,
Michael SCHÖTTLER,Kriminalhauptkommissar,1, Markus Lanz 01.07.2009,,,,,,,
Michael SPRENG,Medienberater,3, Markus Lanz 22.07.2009, Markus Lanz 22.07.2009, Markus Lanz 19.08.2009,,,,,
Michael STICH,"ehem. Tennisprofi, ex Tennisspieler",2, Markus Lanz 12.11.2009, Markus Lanz 01.12.2010,,,,,,
Michael TSOKOS,Gerichtsmediziner,1, Markus Lanz 08.12.2010,,,,,,,
Michael WENDLER,Schlagerstar,1, Markus Lanz 28.07.2009,,,,,,,
Michael WIGGE,Reporter und Moderator,1, Markus Lanz 26.05.2010,,,,,,,
Michaela EIBEN,erblindete im Alter von 23 Jahren,1, Markus Lanz 17.07.2008,,,,,,,
Michaela VAN,"Mutter der 2-jährigen Lilli, die eine Herztransplantation bekam, Mutter von Lilli",2, Markus Lanz 10.06.2008, Markus Lanz 05.05.2010,,,,,,
Michel FRIEDMAN,"Journalist und Moderator, Publizist",2, Markus Lanz 15.04.2010, Markus Lanz 09.11.2010,,,,,,
Mickie KRAUSE,Schlagerstar,1, Markus Lanz 28.07.2009,,,,,,,
Micky BEISENHERZ,Moderator und Autor,1, Markus Lanz 18.05.2010,,,,,,,
Miikka TERHO,Augenpatient,1, Markus Lanz 27.04.2010,,,,,,,
Mike KRÜGER,"Comedian, Entertainer, Komödiant",3, Markus Lanz 11.11.2009, Markus Lanz 21.01.2010, Markus Lanz 07.10.2010,,,,,
Miriam BACHMANN,Fachärztin für Kinderpsychiatrie und Jugendpsychiatrie,1, Markus Lanz 17.06.2009,,,,,,,
Mirja BOES,Comedian,1, Markus Lanz 17.03.2010,,,,,,,
Mojib LATIF,"Klimaforscher, Klimaforscher und Meteorologe",2, Markus Lanz 07.08.2008, Markus Lanz 23.07.2009,,,,,,
Moni FRAUST,Opfer von Nachterstedt,2, Markus Lanz 22.07.2009, Markus Lanz 22.07.2009,,,,,,
Monica INVANCAN,Model,1, Markus Lanz 02.06.2010,,,,,,,
Monika MATSCHNIG,Diplom-Psychologin und Expertin für Körpersprache,2, Markus Lanz 22.07.2009, Markus Lanz 22.07.2009,,,,,,
Monika ZGODDA,Opfer Fahrgeschäft-Unfall,1, Markus Lanz 12.08.2009,,,,,,,
Moritz BLEIBTREU,Schauspieler,1, Markus Lanz 23.09.2010,,,,,,,
Mustapha CELEM,Vater,1, Markus Lanz 09.07.2009,,,,,,,
Mutter Carola KINGSTON,Kinderärztin,1, Markus Lanz 09.03.2010,,,,,,,
Mutter Ulla RHAN,Autorin,1, Markus Lanz 17.02.2010,,,,,,,
Nadine VON,Lebensgefährtin von Klaus Wildbolz,1, Markus Lanz 02.07.2009,,,,,,,
Nancy STAZZONE,Schlafwandlerin,1, Markus Lanz 18.08.2009,,,,,,,
Nazan ECKES,Moderatorin,1, Markus Lanz 13.10.2010,,,,,,,
Nele KRÜGER,leidet an einer seltenen Blutkrankheit,1, Markus Lanz 17.06.2009,,,,,,,
Nguyen MANH,"Vietnamese, der Spezialitäten seines Landes erläutert",1, Markus Lanz 21.10.2009,,,,,,,
Nicola BARDOLA,Literaturkritiker,1, Markus Lanz 08.07.2008,,,,,,,
Nicole GEIGER,wuchs in einem SOS-Kinderdorf auf,1, Markus Lanz 23.06.2009,,,,,,,
Nicole STENZEL,leidet unter Schimmel in ihrer Wohnung,1, Markus Lanz 05.08.2009,,,,,,,
Nina HAGEN,Sängerin,1, Markus Lanz 25.08.2010,,,,,,,
Nina RUGE,Moderatorin,2, Markus Lanz 27.08.2009, Markus Lanz 11.11.2010,,,,,,
Nino HAASE,"gewann drei Millionen Euro bei ""Schlag den Raab""",1, Markus Lanz 21.10.2009,,,,,,,
Nora TSCHIRNER,Schauspielerin,1, Markus Lanz 10.12.2009,,,,,,,
Norbert BRACKMANN,DLRG,1, Markus Lanz 08.07.2009,,,,,,,
Norbert LEHMANN,Adelsexperte,1, Markus Lanz 23.11.2010,,,,,,,
Norbert ROSING,Fotograf,1, Markus Lanz 09.12.2009,,,,,,,
Oliver BAUMGART,baldiger Auswanderer,1, Markus Lanz 10.06.2008,,,,,,,
Oliver GEISSELHART,Mentaltrainer,1, Markus Lanz 15.07.2008,,,,,,,
Oliver KAHN,ehem. Torwart,1, Markus Lanz 09.12.2009,,,,,,,
Oliver MEYER-WALTERS,Plastischer und Ästhetischer Chirurg,1, Markus Lanz 11.11.2009,,,,,,,
Oliver SPIECKER,Autor,1, Markus Lanz 11.11.2009,,,,,,,
Oliver WELKE,Comedian,1, Markus Lanz 18.06.2009,,,,,,,
Omid MOUSSAVI-AMIN,leidet am Down-Syndrom,1, Markus Lanz 25.06.2009,,,,,,,
Osman ARAYA,chilenischer Minenarbeiter,1, Markus Lanz 28.10.2010,,,,,,,
Oswalt KOLLE,Aufklärungsexperte,1, Markus Lanz 28.08.2008,,,,,,,
Ottfried FISCHER,Schauspieler,1, Markus Lanz 11.11.2010,,,,,,,
Otto PUNZEL,heiratete mit 100 Jahren,1, Markus Lanz 03.12.2009,,,,,,,
Pater KARL,Josef WALLNER,1, Markus Lanz 01.07.2008,,,,,,,
Patrick FICHTE,Schauspieler,1, Markus Lanz 04.11.2010,,,,,,,
Patrick LINDNER,Sänger,2, Markus Lanz 31.07.2008, Markus Lanz 06.10.2010,,,,,,
Patrik FICHTE,Schauspieler,1, Markus Lanz 24.06.2008,,,,,,,
Paul KUHN,Musiker,1, Markus Lanz 10.07.2008,,,,,,,
Paul ODPARLIK,wurde Vater mit 15 Jahren,1, Markus Lanz 26.11.2009,,,,,,,
Paul PANZER,"Komiker, Komödiant, alias Dieter TAPPERT, Comedian",3, Markus Lanz 25.08.2009, Markus Lanz 11.11.2009, Markus Lanz 15.12.2010,,,,,
Paul POTTS,Tenor,1, Markus Lanz 04.09.2008,,,,,,,
Peer AUGUSTINSKI,Schauspieler,1, Markus Lanz 22.04.2010,,,,,,,
Peter AHRENS,Journalist,1, Markus Lanz 25.11.2010,,,,,,,
Peter HAHNE,"Journalist, Moderator, ZDF-Journalist",4, Markus Lanz 08.07.2008, Markus Lanz 30.06.2009, Markus Lanz 03.06.2010, Markus Lanz 18.08.2010,,,,
Peter HONG,Sohn,1, Markus Lanz 03.09.2008,,,,,,,
Peter KRANKE,Anästhesist,2, Markus Lanz 22.07.2009, Markus Lanz 22.07.2009,,,,,,
Peter KRAUS,Sänger,1, Markus Lanz 27.05.2010,,,,,,,
Peter LUSTIG,Moderator,1, Markus Lanz 27.04.2010,,,,,,,
Peter MAFFAY,"Musiker, Sänger",2, Markus Lanz 20.08.2009, Markus Lanz 28.01.2010,,,,,,
Peter NOTTMEIER,Comedian,1, Markus Lanz 02.09.2008,,,,,,,
Peter SCHAAR,Bundesdatenschutzbeauftragter,1, Markus Lanz 04.03.2010,,,,,,,
Peter SEEWALD,Journalist,1, Markus Lanz 15.04.2010,,,,,,,
Peter STRUCK,SPD,1, Markus Lanz 02.12.2010,,,,,,,
Peter URBAN,Radio-Moderator,1, Markus Lanz 02.06.2010,,,,,,,
Peter WECK,Schauspieler,1, Markus Lanz 02.12.2010,,,,,,,
Peter ZWEGAT,Deutschlands bekanntester Schuldnerberater,1, Markus Lanz 25.08.2010,,,,,,,
Petra BRÖDER,hatte Ärger mit ihrem Hotel,1, Markus Lanz 31.07.2008,,,,,,,
Petra BUBERT,verschuldete Millionärin,1, Markus Lanz 18.06.2009,,,,,,,
Petra ERBES,Taxifahrerin,1, Markus Lanz 04.02.2010,,,,,,,
Petra GERSTER,"Moderatorin, ZDF-Nachrichtensprecherin",2, Markus Lanz 25.03.2010, Markus Lanz 14.12.2010,,,,,,
Petra THORN,Familientherapeutin,1, Markus Lanz 19.05.2010,,,,,,,
Petya REIME,Ehefrau,1, Markus Lanz 29.07.2008,,,,,,,
Peyman AMIN,"Juror bei ""Germany's Next Topmodel",1, Markus Lanz 25.06.2009,,,,,,,
Phillip WEHNHARD,Schüler,1, Markus Lanz 12.08.2008,,,,,,,
Pia Marie ODPARLIK,wurde Mutter mit 15 Jahren,1, Markus Lanz 26.11.2009,,,,,,,
Pina COLUCCIA,Ehefrau von Pütz,1, Markus Lanz 29.04.2010,,,,,,,
Pirkko PEITZ,führt Nachbarschaftsstreit,1, Markus Lanz 16.07.2009,,,,,,,
Rainer DIETZ,Anwalt von Michael Heckhoff,1, Markus Lanz 02.12.2009,,,,,,,
Rainer HUNOLD,Schauspieler,2, Markus Lanz 28.10.2009, Markus Lanz 20.01.2010,,,,,,
Rainer LANGHANS,Bewohner der Komune 1,1, Markus Lanz 07.12.2010,,,,,,,
Rainer MEIDINGER,Foodstylist,1, Markus Lanz 23.07.2009,,,,,,,
Rainer WENDT,Vorsitzende der Deutschen Polizeigewerkschaft,1, Markus Lanz 02.12.2009,,,,,,,
Ralf DUJMOVITS,Bergsteiger und Ehemann von Gerlinde Kaltenbrunner,1, Markus Lanz 01.09.2010,,,,,,,
Ralf HUSMANN,Autor,1, Markus Lanz 28.09.2010,,,,,,,
Ralf HÖCKER,Autor und Rechtsanwalt,1, Markus Lanz 21.07.2009,,,,,,,
Ralf MÖLLER,Schauspieler,1, Markus Lanz 05.06.2008,,,,,,,
Ralf NOWAK,"bekannt als der ""Painmaker""",1, Markus Lanz 30.03.2010,,,,,,,
Ralf PASEWALD,ehem. Lokführer der Deutschen Bahn AG,1, Markus Lanz 20.01.2010,,,,,,,
Ralf S,Formel-1-Fahrer,1, Markus Lanz 11.08.2009,,,,,,,
Ralf SCHMITZ,Comedian,1, Markus Lanz 29.07.2009,,,,,,,
Ralf SCHNOOR,gewann bei Wer wird Millionär eine Million,1, Markus Lanz 07.12.2010,,,,,,,
Ralf SCHUMACHER,"Profi-Rennfahrer, ehem. Formel-1 Rennfahrer",2, Markus Lanz 04.08.2009, Markus Lanz 20.04.2010,,,,,,
Ralph BLINDAUER,Anwalt von Rudolf Clövers,1, Markus Lanz 21.01.2010,,,,,,,
Ralph MORGENSTERN,Moderator,3, Markus Lanz 16.07.2009, Markus Lanz 26.05.2010, Markus Lanz 08.12.2010,,,,,
Ranga YOGESHWAR,"Diplomphysiker, Moderator, Physiker",3, Markus Lanz 14.07.2009, Markus Lanz 07.10.2009, Markus Lanz 09.12.2010,,,,,
Regina KALTHEGENER,Rechtsanwältin,1, Markus Lanz 25.05.2010,,,,,,,
Reiner CALMUND,ehem. Fußballmanager von Schalke 04,1, Markus Lanz 13.08.2009,,,,,,,
Reiner HASELOFF,Wirtschaftsminister und Arbeitsminister Sachsen-Anhalt,1, Markus Lanz 04.11.2009,,,,,,,
Reiner HOLZNAGEL,BGeschF. des Bundes der Steuerzahler Deutschlands,1, Markus Lanz 29.07.2009,,,,,,,
Reinhard PREGLA,Herzchirurg,1, Markus Lanz 05.05.2010,,,,,,,
Reinhold BECKMANN,Moderator,1, Markus Lanz 03.09.2008,,,,,,,
Reinhold MESSNER,"Bergsteiger, Extremsportler",2, Markus Lanz 15.07.2008, Markus Lanz 23.09.2010,,,,,,
Renate EISENBERG,Mutter von Tennessee Eisenberg,1, Markus Lanz 26.05.2010,,,,,,,
Renate HONG,traf ihren nordkoreanischen Mann nach beinahe 50 Jahren wieder,1, Markus Lanz 03.09.2008,,,,,,,
Renate KÜNAST,Fraktionsvorsitzende der Grünen,1, Markus Lanz 23.09.2010,,,,,,,
Renate TRAPP,veranstaltet Hausquiz,1, Markus Lanz 28.10.2009,,,,,,,
Richard David PRECHT,Schriftsteller,1, Markus Lanz 22.07.2008,,,,,,,
Rigo BUROW,Justizopfer,1, Markus Lanz 04.02.2010,,,,,,,
Rita POHLE,Aufräumexpertin,1, Markus Lanz 21.01.2010,,,,,,,
Rita SCHLEGEL,Grundschuldirektorin einer Brennpunktschule,1, Markus Lanz 21.09.2010,,,,,,,
Robert ATZORN,Schauspieler,1, Markus Lanz 02.09.2008,,,,,,,
Robert WENNEKES,Gründer und Ausbilder an der International Butler School,1, Markus Lanz 07.08.2008,,,,,,,
Roger WILLEMSEN,Autor,1, Markus Lanz 09.09.2010,,,,,,,
Roland KAISER,Schlagersänger,1, Markus Lanz 11.08.2009,,,,,,,
Roland KOCH,"CDU, ehem MPr Hessen",1, Markus Lanz 11.11.2010,,,,,,,
Roland RADEMACHER,Chef eines Automobilzulieferungsbetriebs,1, Markus Lanz 23.07.2009,,,,,,,
Rolf BUSCHMANN,Verbraucherzentrale NRW,1, Markus Lanz 17.03.2010,,,,,,,
Rolf LÜKE,"Organisation ""blausand.de""",1, Markus Lanz 14.08.2008,,,,,,,
Rolf TÖPPERWIEN,Sportreporter,1, Markus Lanz 15.09.2010,,,,,,,
Ronny ZIESMER,ehem. Turner und ZDF-Reporter bei Olympia,1, Markus Lanz 31.07.2008,,,,,,,
Rosi GOLLMANN,"Religionslehrerin, gründete 1967 die Andheri-Hilfe e.V.",2, Markus Lanz 06.10.2010, Markus Lanz 01.12.2010,,,,,,
Rosy HINTZE,Ehefrau,1, Markus Lanz 08.07.2008,,,,,,,
Rudi ASSAUER,ehem. Manager von Schalke 04,1, Markus Lanz 14.04.2010,,,,,,,
Rudi CERNE,"Moderator ""Aktenzeichen XY ungelöst"", Moderator ""Aktenzeichen XY...ungelöst"", O-Ton",3, Markus Lanz 24.06.2009, Markus Lanz 19.05.2010, Markus Lanz 05.10.2010,,,,,
Rudolf CLÖVERS,Justizopfer,1, Markus Lanz 21.01.2010,,,,,,,
Rudolf DRESSLER,ehem. Staatssekr. des Bundesminister für Arbeit und Sozialordnung,1, Markus Lanz 02.03.2010,,,,,,,
Rudolf EGG,"Rechtspsychologe, Vorstandvors. der Stiftung Deutsches Forum für Kriminalprävention",2, Markus Lanz 14.10.2009, Markus Lanz 19.05.2010,,,,,,
Rudolf TRAPP,veranstaltet Hausquiz,1, Markus Lanz 28.10.2009,,,,,,,
Ruth GASSMANN,Schauspielerin,1, Markus Lanz 28.08.2008,,,,,,,
Ruth MOSCHNER,Moderatorin,1, Markus Lanz 13.04.2010,,,,,,,
Rüdiger NEHBERG,"Abenteurer, Abenteurer und Menschenrechtler",2, Markus Lanz 05.06.2008, Markus Lanz 28.04.2010,,,,,,
Sabatina JAMES,widersetzte sich erfolgreich einer Zwangsheirat,1, Markus Lanz 25.05.2010,,,,,,,
Sabine CZERNY,Lehrerin,1, Markus Lanz 02.11.2010,,,,,,,
Sabine K,O-Ton,1, Markus Lanz 11.08.2009,,,,,,,
Sabine KRÜGER,Mutter,1, Markus Lanz 17.06.2009,,,,,,,
Sabine LOOSE,Ehefrau von Marc Loose,1, Markus Lanz 21.07.2009,,,,,,,
Sabine NOWARA,Kriminalpsychologin,1, Markus Lanz 18.08.2010,,,,,,,
Sabine SCHMIDT,Inhaberin einer Berliner Kneipe,1, Markus Lanz 24.06.2008,,,,,,,
Sabrina CLÖVERS,Tochter,1, Markus Lanz 21.01.2010,,,,,,,
Sandra OFER,Narkose-Opfer,2, Markus Lanz 22.07.2009, Markus Lanz 22.07.2009,,,,,,
Sara NURU,"Model, Topmodel",2, Markus Lanz 25.06.2009, Markus Lanz 02.12.2010,,,,,,
Sarah KUTTNER,Moderatorin,1, Markus Lanz 30.11.2010,,,,,,,
Schaltgespräch LANZ,"Arzt von Michael Schumacher, Autor, Formel-1-Fahrer, O-Ton, Schlagerstar, Tierpfleger, Vater",8, Markus Lanz 24.06.2009, Markus Lanz 11.08.2009, Markus Lanz 11.08.2009, Markus Lanz 11.08.2009, Markus Lanz 11.08.2009, Markus Lanz 08.10.2009, Markus Lanz 14.10.2009, Markus Lanz 04.08.2010
Senta BERGER,Schauspielerin,1, Markus Lanz 17.02.2010,,,,,,,
Seymour KUNIGISKIS,lebt mit Spenderherz,1, Markus Lanz 30.07.2009,,,,,,,
Silke SCHWARTAU,Ernäherungsexpertin Verbraucherzentrale Hamburg,1, Markus Lanz 18.06.2009,,,,,,,
Simon KEHRER,Bergsteiger,1, Markus Lanz 19.08.2008,,,,,,,
Simone SAUERMANN,Mutter,1, Markus Lanz 27.04.2010,,,,,,,
Sissi PERLINGER,Komikerin,1, Markus Lanz 22.09.2010,,,,,,,
Sohn Manuel Kai KREUZBERG,Vorsitzender des Mietervereins zu Hamburg,1, Markus Lanz 12.11.2009,,,,,,,
Solvejg SCHMOOCK,Geschwister pflegten krebskranke Mutter bis zum Tod,1, Markus Lanz 26.08.2008,,,,,,,
Sonja MEISE,Stewardess,1, Markus Lanz 11.03.2010,,,,,,,
Sonja ZIETLOW,Moderatorin,1, Markus Lanz 12.08.2010,,,,,,,
Sophia THOMALLA,Schauspielerin,1, Markus Lanz 27.05.2010,,,,,,,
Stefan AUST,Journalist und Autor,1, Markus Lanz 19.05.2010,,,,,,,
Stefan GRÜLL,ehem. FDP-Abgeordneter,1, Markus Lanz 04.08.2009,,,,,,,
Stefan GULAS,Erfinder von dem schnellsten Fahrrad der Welt,1, Markus Lanz 18.03.2010,,,,,,,
Stefan MOERS,Zahnarzt,1, Markus Lanz 26.08.2009,,,,,,,
Stefan MROSS,Volksmusiker,1, Markus Lanz 24.03.2010,,,,,,,
Stefanie MÄRZHEUSER,Kinderchirurgin und Expertin für Kindersicherheit,1, Markus Lanz 04.05.2010,,,,,,,
Steffen HENSSLER,Fernsehkoch,6, Markus Lanz 19.08.2008, Markus Lanz 18.06.2009, Markus Lanz 21.10.2009, Markus Lanz 27.01.2010, Markus Lanz 09.03.2010, Markus Lanz 12.08.2010,,
Steffen MÖLLER,"Autor, Moderator, Autor und Schauspieler",2, Markus Lanz 04.06.2008, Markus Lanz 05.11.2009,,,,,,
Stephanie BECKERT,CDU-Abgeordnete und Vorsitzender vom Innenausschuss,1, Markus Lanz 04.03.2010,,,,,,,
Stephanie BRENDL,Haitaucherin,1, Markus Lanz 29.10.2009,,,,,,,
Stephanie PALLASCH,"Redakteurin ""Finanztest"", Versicherungsexpertin",2, Markus Lanz 28.07.2009, Markus Lanz 31.03.2010,,,,,,
Steven MACK,Kletterer,1, Markus Lanz 15.10.2009,,,,,,,
Studiengästen Ruth WESTHEIMER,Sexualtherapeutin,1, Markus Lanz 14.10.2010,,,,,,,
Studiogästen Hans FRAUST,Opfer von Nachterstedt,1, Markus Lanz 22.07.2009,,,,,,,
Studiogästen Jörg PILAWA,Moderator,1, Markus Lanz 19.11.2009,,,,,,,
Sulaiman MASOMI,Sprachakrobat,1, Markus Lanz 26.08.2008,,,,,,,
Susanne FRÖHLICH,Autorin,2, Markus Lanz 03.09.2008, Markus Lanz 20.04.2010,,,,,,
Sven GERLING,Oberbrandmeister Berliner Feuerwehr,1, Markus Lanz 12.08.2009,,,,,,,
Sven PLÖGER,"Meteorologe, ARD",1, Markus Lanz 24.06.2009,,,,,,,
Svenja GRUNDMANN,Tochter,2, Markus Lanz 19.11.2009, Markus Lanz 19.11.2009,,,,,,
Sybille RADT,unzufriedene Urlauberin,1, Markus Lanz 31.07.2008,,,,,,,
Sönke NIELSEN,Seenotrettungspilot,1, Markus Lanz 31.03.2010,,,,,,,
Taime KUTTIG,bester Freund von Björn,1, Markus Lanz 28.08.2008,,,,,,,
Tamme HANKEN,Tierchiroparktiker,1, Markus Lanz 20.04.2010,,,,,,,
Tanja BLÜMEL,Opfer von gefälschtem Medikament,1, Markus Lanz 09.12.2009,,,,,,,
Tanja SCHMEIL,Mutter,1, Markus Lanz 08.07.2009,,,,,,,
Tanja WARKENTIN,lebt mit Spenderherz,1, Markus Lanz 10.06.2008,,,,,,,
Tanja WEDHORN,Schauspielerin,1, Markus Lanz 04.11.2010,,,,,,,
Tetje MIERENDORF,Schauspieler,1, Markus Lanz 30.03.2010,,,,,,,
Theo BRENIG,"Kfz-Meister und Promi-Jäger, schmuggelt sich auf VIP-Veranstaltungen",2, Markus Lanz 05.08.2010, Markus Lanz 15.12.2010,,,,,,
Theo KELZ,bekam zwei Hände transplantiert,1, Markus Lanz 05.08.2008,,,,,,,
Thilo BODE,"Organisation ""foodwatch e.V.""",1, Markus Lanz 05.08.2009,,,,,,,
Thomas BODE,Hartz IV-Empfänger,1, Markus Lanz 04.02.2010,,,,,,,
Thomas GRUNDMANN,"Arzt, leidet an Lähmung von Brust an, Arzt, leidet an Querschnittslähmung",2, Markus Lanz 19.11.2009, Markus Lanz 19.11.2009,,,,,,
Thomas HERMANNS,"Moderator, Comedian",1, Markus Lanz 11.03.2010,,,,,,,
Thomas KATZORKE,Gynäkologe und Reproduktionsmediziner,1, Markus Lanz 19.05.2010,,,,,,,
Thomas KURSCHEID,"Allgemeinarzt, Ernährungsexperte, Ernährungsmediziner, Lebensmitteltechniker",4, Markus Lanz 06.08.2009, Markus Lanz 12.08.2009, Markus Lanz 17.02.2010, Markus Lanz 13.04.2010,,,,
Thomas LINDEMANN,Autor,1, Markus Lanz 11.05.2010,,,,,,,
Thomas M STEIN,Musikproduzent,1, Markus Lanz 26.05.2010,,,,,,,
Thomas OBERST,Berliner TÜV,1, Markus Lanz 12.08.2009,,,,,,,
Thomas OTTLEWSKI,Arzt,1, Markus Lanz 05.11.2009,,,,,,,
Thomas PEH,ehem. Veranstalter von Kaffeefahrten,1, Markus Lanz 16.06.2009,,,,,,,
Thomas RÄTSCH,bezahlte seiner Katze neue Niere,1, Markus Lanz 10.11.2010,,,,,,,
Thomas SALME,Pilot ohne Lizenz,1, Markus Lanz 03.11.2010,,,,,,,
Thomas SCHREINER,Moderator,1, Markus Lanz 27.01.2010,,,,,,,
Thomas SJÖBERG,Autor,1, Markus Lanz 23.11.2010,,,,,,,
Thomas STEIN,Musikproduzent,1, Markus Lanz 20.08.2009,,,,,,,
Thomas TESSERAUX,"Rechtsanwalt, Rechtsanwalt der Familie",2, Markus Lanz 09.07.2009, Markus Lanz 26.05.2010,,,,,,
Thomas WEINKAU,"Polizist, Darsteller Doku-Soap ""Toto und Harry""",1, Markus Lanz 04.05.2010,,,,,,,
Thorsten HAVENER,Gedankenleser,3, Markus Lanz 16.12.2009, Markus Lanz 31.03.2010, Markus Lanz 22.09.2010,,,,,
Thorsten PEITZ,führt Nachbarschaftsstreit,1, Markus Lanz 16.07.2009,,,,,,,
Thorsten RUDNIK,Bund der Versicherten,1, Markus Lanz 28.07.2009,,,,,,,
Thorsten SCHAUBRENNER,ZDF-Reporter,1, Markus Lanz 11.08.2009,,,,,,,
Til SCHWEIGER,Schauspieler,2, Markus Lanz 20.08.2009, Markus Lanz 10.12.2009,,,,,,
Till BRÖNNER,Musiker,1, Markus Lanz 25.11.2010,,,,,,,
Tim MÄLZER,"Fernsehkoch, Starkoch",3, Markus Lanz 04.09.2008, Markus Lanz 10.02.2010, Markus Lanz 09.12.2010,,,,,
Tom BUHROW,Moderator,1, Markus Lanz 16.09.2010,,,,,,,
Tony BLAIR,ehem. RCh Großbritannien,1, Markus Lanz 04.11.2010,,,,,,,
Tony MARSHALL,Sänger,1, Markus Lanz 19.08.2010,,,,,,,
Torsten HEIM,"Polizist, Darsteller Doku-Soap ""Toto und Harry""",1, Markus Lanz 04.05.2010,,,,,,,
Traude DANIEL,verkaufte ihr Haus im Internet,1, Markus Lanz 28.10.2009,,,,,,,
Udo KOPERNIK,Pressesprecher vom Verband für das Deutsche Hundewesen,1, Markus Lanz 27.08.2009,,,,,,,
Udo POLLMER,"Lebensmittelchemiker und Autor, Lebensmitteltechniker",2, Markus Lanz 13.04.2010, Markus Lanz 30.09.2010,,,,,,
Udo RÖBEL,Reporter,1, Markus Lanz 18.06.2008,,,,,,,
Udo VETTER,Fachanwalt für Strafrecht,1, Markus Lanz 17.06.2009,,,,,,,
Ulf POLLE,"Simon GOSEJOHANN, Praktikant und Wahlhelfer",1, Markus Lanz 19.08.2009,,,,,,,
Ulla KOCK,Moderatorin,1, Markus Lanz 25.11.2010,,,,,,,
Ully LOOP,Magic Entertainer,1, Markus Lanz 02.07.2009,,,,,,,
Ulrich ENDRES,Anwalt,1, Markus Lanz 19.05.2010,,,,,,,
Ulrich ROTH,"ehem. Handballer, litt an Prostatakrebs",1, Markus Lanz 22.10.2009,,,,,,,
Ulrich SCHNEIDER,HauptgeschF. des Paritätischen Gesamtverbandes,1, Markus Lanz 02.03.2010,,,,,,,
Ulrich WALTER,Astronaut,2, Markus Lanz 19.08.2010, Markus Lanz 01.09.2010,,,,,,
Ulrich WICKERT,"Moderator, ehem. Moderator, ehem. Moderator ""Tagesthemen, ehem. Nachtrichtensprecher und Autor",4, Markus Lanz 02.07.2009, Markus Lanz 04.08.2009, Markus Lanz 11.05.2010, Markus Lanz 02.09.2010,,,,
Ulrike KRIENER,Schauspielerin,1, Markus Lanz 13.10.2010,,,,,,,
Ulrike MARTINI,hat Risse an den Wänden ihrer Wohnung,1, Markus Lanz 05.08.2009,,,,,,,
Ulrike ZECHER,Anwältin,1, Markus Lanz 04.02.2010,,,,,,,
Undine SCHULZ,Gründerin Selbsthilfegruppe für Eltern von straffälligen Jugendlichen,1, Markus Lanz 24.06.2008,,,,,,,
Uschi G,Schauspielerin,1, Markus Lanz 09.11.2010,,,,,,,
Uschi GLAS,"Schauspielerin, Botschafterin für SOS-Kinderdörfer",1, Markus Lanz 23.06.2009,,,,,,,
Uta RANKE-HEINEMANN,katholische Theologin,1, Markus Lanz 15.04.2010,,,,,,,
Uwe GLINKA,beide Autoren von Kochbuch,1, Markus Lanz 09.03.2010,,,,,,,
Uwe HONG,Sohn,1, Markus Lanz 03.09.2008,,,,,,,
Vera INT-VEEN,Moderatorin,1, Markus Lanz 12.08.2010,,,,,,,
Vera JANZEN,Eltern von Mordopfer Thomas M.,1, Markus Lanz 25.05.2010,,,,,,,
Vera JARON,behandelnde Ärztin,1, Markus Lanz 24.06.2009,,,,,,,
Verona POOTH,"Moderatorin, Werbeikone, Werbeikone",3, Markus Lanz 03.06.2008, Markus Lanz 17.06.2009, Markus Lanz 16.09.2010,,,,,
Veronica FERRES,Schauspielerin,1, Markus Lanz 16.12.2009,,,,,,,
Vesna VEKIC,"gewann bei der ""SKL-Show"" fünf Millionen Euro",1, Markus Lanz 21.10.2009,,,,,,,
Vicky LEANDROS,Sängerin,1, Markus Lanz 26.10.2010,,,,,,,
Viktoria TAPP,"Autorin von ""Zusammen besiegen wir den Alkohol""",1, Markus Lanz 02.09.2008,,,,,,,
Vince EBERT,"Diplom-Physiker, Kabarettist",1, Markus Lanz 08.07.2009,,,,,,,
Volker HACH,Tierarzt,1, Markus Lanz 25.11.2009,,,,,,,
Volker LECHTENBRINK,"Schauspieler, Synchronsprecher, Sänger uvm.",1, Markus Lanz 06.05.2010,,,,,,,
Volker STEINKRAUS,Arzt,1, Markus Lanz 10.07.2008,,,,,,,
Waldemar HARTMANN,Sportmoderator,1, Markus Lanz 05.11.2009,,,,,,,
Walter PLATHE,Schauspieler,1, Markus Lanz 07.08.2008,,,,,,,
Walter SITTLER,Schauspieler,1, Markus Lanz 19.10.2010,,,,,,,
Waltraud ZÖLLNER,Rentnerin,1, Markus Lanz 16.06.2009,,,,,,,
Wayne CARPENDALE,Schauspieler,2, Markus Lanz 27.01.2010, Markus Lanz 28.09.2010,,,,,,
Werner BALDESSARINI,"Designer, Stardesigner",2, Markus Lanz 18.08.2009, Markus Lanz 19.08.2009,,,,,,
Werner GRUBER,"Physik-Dozent Universität Wien, Physiker, Kabarettist",2, Markus Lanz 08.07.2009, Markus Lanz 13.01.2010,,,,,,
Werner HANSCH,Sportreporter,1, Markus Lanz 14.04.2010,,,,,,,
Werner JANZEN,Eltern von Mordopfer Thomas M.,1, Markus Lanz 25.05.2010,,,,,,,
Werner MANG,Schönheitschirurg,2, Markus Lanz 26.08.2009, Markus Lanz 10.03.2010,,,,,,
Wigald BONING,Comedian,1, Markus Lanz 17.03.2010,,,,,,,
Wilfried BLOCK,Vater der ermordeten Heike Block,1, Markus Lanz 02.09.2010,,,,,,,
Wilfried HANDL,"Autor, ehemaliger Scientologe",2, Markus Lanz 22.04.2010, Markus Lanz 04.11.2010,,,,,,
Willi WEBER,Manager von Michael Schumacher,1, Markus Lanz 04.08.2009,,,,,,,
Wiltrud WEBER,bekam ein Kind von einem Priester,1, Markus Lanz 29.10.2009,,,,,,,
Wim HOF,Berufsabenteurer,1, Markus Lanz 28.01.2010,,,,,,,
Wolf SCHNEIDER,Sprachkritiker,1, Markus Lanz 26.08.2008,,,,,,,
Wolfgang BERGMANN,"Erziehungswissenschaftler, Kinderpsychologe und Buchautor",2, Markus Lanz 11.08.2009, Markus Lanz 14.10.2009,,,,,,
Wolfgang BOSBACH,"CDU-Abgeordnete und Vorsitzender vom Innenausschuss, Vorsitzender des Bundestags-Innenausschusses, CDU",3, Markus Lanz 13.01.2010, Markus Lanz 04.03.2010, Markus Lanz 03.06.2010,,,,,
Wolfgang GRUPP,Unternehmer,2, Markus Lanz 22.10.2009, Markus Lanz 01.06.2010,,,,,,
Wolfgang RADEMANN,Fernsehproduzent,1, Markus Lanz 21.10.2010,,,,,,,
Wolfgang RASCHER,Vorsitzender des klinischen Ethikkomitee,1, Markus Lanz 14.10.2009,,,,,,,
Wolfgang SCHMITZ,Zollbeamter,1, Markus Lanz 09.12.2009,,,,,,,
Wolfgang STUMPH,Schauspieler,1, Markus Lanz 07.12.2010,,,,,,,
Yunus KESKIN,Justizopfer,1, Markus Lanz 04.02.2010,,,,,,,
Yvonne FORD,"Gründerin der Initiative ""Late Bloomers""",1, Markus Lanz 08.12.2010,,,,,,,
Zwillingsbruder Ulrich ROTH,"ehem. Handballnationalspieler, leidet an Prostatakrebs",1, Markus Lanz 14.07.2009,,,,,,,
Özlem NAS,Islamwissenschaftlerin,1, Markus Lanz 21.09.2010,,,,,,,
